timestamp,co_level,air_quality,temperature,humidity,pressure,voc_level,latitude,longitude
0,0.07,0.03,32.74,43.89,993.72,29889,27.232555555555553,78.0141111111111
1,0.17,0.02,31.95,42.11,993.72,10703,27.232555555555553,78.0141411111111
2,0.16,0.01,33.87,35.13,993.72,9230,27.232555555555553,78.01417111111111
3,0.03,0.05,32.21,36.18,993.72,16427,27.232555555555553,78.0142011111111
4,0.1,0.09,33.53,35.85,993.72,15421,27.232555555555553,78.0142311111111
5,0.18,0.09,31.81,44.44,993.72,17896,27.232555555555553,78.01426111111111
6,0.11,0.01,32.66,37.83,993.72,10983,27.232555555555553,78.0142911111111
7,0.11,0.06,33.67,42.26,993.72,17859,27.232555555555553,78.0143211111111
8,0.13,0.08,34.27,42.3,993.72,21439,27.232555555555553,78.01435111111111
9,0.16,0.02,32.97,42.83,993.72,20798,27.232555555555553,78.0143811111111
10,0.08,0.02,34.33,31.57,993.72,33105,27.232575555555552,78.0141111111111
11,0.1,0.01,32.89,41.43,993.72,15076,27.232575555555552,78.0141411111111
12,0.02,0.06,33.04,37.24,993.72,19926,27.232575555555552,78.01417111111111
13,0.01,0.1,34.28,40.46,993.72,36845,27.232575555555552,78.0142011111111
14,0.09,0.02,32.86,41.86,993.72,36803,27.232575555555552,78.0142311111111
15,0.18,0.08,32.36,41.86,993.72,31865,27.232575555555552,78.01426111111111
16,0.07,0.01,32.67,28.85,993.72,39651,27.232575555555552,78.0142911111111
17,0.1,0.03,32.19,33.58,993.72,6103,27.232575555555552,78.0143211111111
18,0.11,0.07,32.96,30.95,993.72,19291,27.232575555555552,78.01435111111111
19,0.12,0.09,32.57,34.18,993.72,16999,27.232575555555552,78.0143811111111
20,0.15,0.05,32.17,43.92,993.72,15523,27.23259555555555,78.0141111111111
21,0.15,0.03,34.23,31.16,993.72,19233,27.23259555555555,78.0141411111111
22,0.06,0.04,32.4,39.11,993.72,38589,27.23259555555555,78.01417111111111
23,0.15,0.04,32.07,29.71,993.72,40243,27.23259555555555,78.0142011111111
24,0.11,0.01,32.72,28.43,993.72,7257,27.23259555555555,78.0142311111111
25,0.07,0.06,33.31,33.1,993.72,41467,27.23259555555555,78.01426111111111
26,0.18,0.01,32.69,34.35,993.72,31723,27.23259555555555,78.0142911111111
27,0.01,0.04,32.79,27.2,993.72,9691,27.23259555555555,78.0143211111111
28,0.14,0.03,33.97,30.88,993.72,15367,27.23259555555555,78.01435111111111
29,0.15,0.02,32.2,27.61,993.72,31628,27.23259555555555,78.0143811111111
30,0.17,0.03,33.81,33.02,993.72,41287,27.232615555555554,78.0141111111111
31,0.09,0.07,31.64,37.58,993.72,39255,27.232615555555554,78.0141411111111
32,0.16,0.01,31.52,32.99,993.72,6286,27.232615555555554,78.01417111111111
33,0.07,0.02,33.59,28.34,993.72,27879,27.232615555555554,78.0142011111111
34,0.05,0.01,33.67,34.28,993.72,23763,27.232615555555554,78.0142311111111
35,0.17,0.08,32.76,30.25,993.72,17003,27.232615555555554,78.01426111111111
36,0.08,0.09,33.42,36.02,993.72,37443,27.232615555555554,78.0142911111111
37,0.18,0.01,33.57,37.64,993.72,24920,27.232615555555554,78.0143211111111
38,0.01,0.0,33.76,36.44,993.72,22840,27.232615555555554,78.01435111111111
39,0.14,0.05,33.42,36.04,993.72,6383,27.232615555555554,78.0143811111111
40,0.04,0.06,31.99,40.23,993.72,12614,27.232635555555554,78.0141111111111
41,0.03,0.0,33.9,28.57,993.72,38002,27.232635555555554,78.0141411111111
42,0.12,0.02,32.67,27.9,993.72,22221,27.232635555555554,78.01417111111111
43,0.08,0.08,32.22,38.13,993.72,41607,27.232635555555554,78.0142011111111
44,0.06,0.09,33.82,41.05,993.72,9218,27.232635555555554,78.0142311111111
45,0.12,0.03,32.9,31.1,993.72,28240,27.232635555555554,78.01426111111111
46,0.18,0.02,33.75,35.54,993.72,41695,27.232635555555554,78.0142911111111
47,0.09,0.06,33.59,35.75,993.72,35402,27.232635555555554,78.0143211111111
48,0.08,0.0,34.0,27.08,993.72,41290,27.232635555555554,78.01435111111111
49,0.09,0.08,34.32,33.62,993.72,12033,27.232635555555554,78.0143811111111
50,0.16,0.09,32.14,38.01,993.72,34412,27.232655555555553,78.0141111111111
51,0.02,0.1,32.53,36.2,993.72,10211,27.232655555555553,78.0141411111111
52,0.18,0.03,34.29,30.99,993.72,9182,27.232655555555553,78.01417111111111
53,0.01,0.07,32.81,44.55,993.72,20577,27.232655555555553,78.0142011111111
54,0.1,0.07,33.33,42.61,993.72,40564,27.232655555555553,78.0142311111111
55,0.1,0.08,33.96,42.76,993.72,34823,27.232655555555553,78.01426111111111
56,0.14,0.09,32.15,41.75,993.72,18162,27.232655555555553,78.0142911111111
57,0.09,0.07,33.34,33.73,993.72,25996,27.232655555555553,78.0143211111111
58,0.12,0.09,32.05,44.18,993.72,8034,27.232655555555553,78.01435111111111
59,0.11,0.03,33.46,37.07,993.72,26498,27.232655555555553,78.0143811111111
60,0.19,0.09,34.03,41.63,993.72,24347,27.232675555555552,78.0141111111111
61,0.06,0.09,34.22,32.67,993.72,31042,27.232675555555552,78.0141411111111
62,0.18,0.09,34.37,32.76,993.72,27624,27.232675555555552,78.01417111111111
63,0.07,0.1,34.49,30.4,993.72,42084,27.232675555555552,78.0142011111111
64,0.01,0.05,33.25,30.72,993.72,41285,27.232675555555552,78.0142311111111
65,0.04,0.09,33.08,38.96,993.72,11348,27.232675555555552,78.01426111111111
66,0.07,0.02,32.08,27.58,993.72,40873,27.232675555555552,78.0142911111111
67,0.06,0.03,34.23,29.74,993.72,28143,27.232675555555552,78.0143211111111
68,0.13,0.05,33.3,40.1,993.72,16294,27.232675555555552,78.01435111111111
69,0.13,0.08,33.85,41.26,993.72,30453,27.232675555555552,78.0143811111111
70,0.09,0.01,34.36,35.85,993.72,29517,27.23269555555555,78.0141111111111
71,0.07,0.08,32.44,31.37,993.72,41367,27.23269555555555,78.0141411111111
72,0.15,0.02,32.83,27.84,993.72,32000,27.23269555555555,78.01417111111111
73,0.14,0.07,33.03,30.09,993.72,40915,27.23269555555555,78.0142011111111
74,0.18,0.09,33.73,32.03,993.72,35742,27.23269555555555,78.0142311111111
75,0.1,0.07,31.74,41.57,993.72,13756,27.23269555555555,78.01426111111111
76,0.19,0.04,32.26,33.41,993.72,39517,27.23269555555555,78.0142911111111
77,0.05,0.05,33.74,38.18,993.72,34510,27.23269555555555,78.0143211111111
78,0.09,0.09,33.25,42.34,993.72,33480,27.23269555555555,78.01435111111111
79,0.07,0.08,34.02,29.38,993.72,39448,27.23269555555555,78.0143811111111
80,0.1,0.02,33.97,30.0,993.72,29431,27.232715555555554,78.0141111111111
81,0.01,0.03,33.78,28.25,993.72,31072,27.232715555555554,78.0141411111111
82,0.18,0.09,33.78,33.03,993.72,18692,27.232715555555554,78.01417111111111
83,0.16,0.03,31.99,36.42,993.72,41802,27.232715555555554,78.0142011111111
84,0.07,0.02,33.32,30.03,993.72,13036,27.232715555555554,78.0142311111111
85,0.08,0.08,33.02,36.35,993.72,36898,27.232715555555554,78.01426111111111
86,0.11,0.01,34.5,42.19,993.72,28961,27.232715555555554,78.0142911111111
87,0.03,0.03,33.96,44.72,993.72,20011,27.232715555555554,78.0143211111111
88,0.06,0.09,32.27,44.26,993.72,37358,27.232715555555554,78.01435111111111
89,0.19,0.08,32.95,34.47,993.72,14564,27.232715555555554,78.0143811111111
90,0.18,0.06,33.85,35.52,993.72,37981,27.232735555555553,78.0141111111111
91,0.03,0.07,32.6,41.51,993.72,24550,27.232735555555553,78.0141411111111
92,0.08,0.06,33.64,35.96,993.72,36021,27.232735555555553,78.01417111111111
93,0.04,0.09,33.92,30.5,993.72,16459,27.232735555555553,78.0142011111111
94,0.17,0.08,33.69,41.7,993.72,33217,27.232735555555553,78.0142311111111
95,0.09,0.01,32.2,40.47,993.72,9808,27.232735555555553,78.01426111111111
96,0.14,0.09,33.96,31.86,993.72,39924,27.232735555555553,78.0142911111111
97,0.05,0.0,34.31,37.83,993.72,31884,27.232735555555553,78.0143211111111
98,0.04,0.05,34.2,30.07,993.72,24469,27.232735555555553,78.01435111111111
99,0.17,0.04,31.53,39.59,993.72,41932,27.232735555555553,78.0143811111111
100,0.05,0.07,32.7,37.92,993.72,15783,27.232755555555553,78.0141111111111
101,0.08,0.1,32.61,40.56,993.72,27907,27.232755555555553,78.0141411111111
102,0.16,0.07,34.49,40.11,993.72,32088,27.232755555555553,78.01417111111111
103,0.14,0.02,31.89,32.32,993.72,21425,27.232755555555553,78.0142011111111
104,0.12,0.02,33.46,35.0,993.72,24530,27.232755555555553,78.0142311111111
105,0.09,0.09,32.39,34.72,993.72,20938,27.232755555555553,78.01426111111111
106,0.11,0.07,34.21,39.15,993.72,31207,27.232755555555553,78.0142911111111
107,0.06,0.06,32.32,40.97,993.72,41959,27.232755555555553,78.0143211111111
108,0.0,0.0,33.18,42.91,993.72,21638,27.232755555555553,78.01435111111111
109,0.08,0.08,33.9,29.32,993.72,33156,27.232755555555553,78.0143811111111
110,0.0,0.06,33.0,27.14,993.72,34700,27.232775555555552,78.0141111111111
111,0.03,0.03,33.44,31.12,993.72,9526,27.232775555555552,78.0141411111111
112,0.12,0.06,33.23,29.34,993.72,19407,27.232775555555552,78.01417111111111
113,0.19,0.06,32.42,30.41,993.72,14193,27.232775555555552,78.0142011111111
114,0.06,0.0,33.51,41.15,993.72,32423,27.232775555555552,78.0142311111111
115,0.17,0.0,31.9,42.38,993.72,6964,27.232775555555552,78.01426111111111
116,0.17,0.01,31.82,39.8,993.72,10588,27.232775555555552,78.0142911111111
117,0.19,0.01,33.01,30.42,993.72,22080,27.232775555555552,78.0143211111111
118,0.12,0.08,32.82,41.32,993.72,33331,27.232775555555552,78.01435111111111
119,0.13,0.05,32.02,44.18,993.72,35733,27.232775555555552,78.0143811111111
120,0.19,0.09,31.6,31.33,993.72,23784,27.232795555555555,78.0141111111111
121,0.07,0.09,32.64,40.01,993.72,23160,27.232795555555555,78.0141411111111
122,0.02,0.1,34.22,29.96,993.72,7764,27.232795555555555,78.01417111111111
123,0.02,0.02,32.0,39.14,993.72,33477,27.232795555555555,78.0142011111111
124,0.08,0.08,33.4,36.9,993.72,15619,27.232795555555555,78.0142311111111
125,0.15,0.08,32.54,27.66,993.72,32036,27.232795555555555,78.01426111111111
126,0.16,0.03,34.03,30.69,993.72,16004,27.232795555555555,78.0142911111111
127,0.04,0.06,33.02,40.51,993.72,22300,27.232795555555555,78.0143211111111
128,0.08,0.09,33.05,34.86,993.72,8122,27.232795555555555,78.01435111111111
129,0.06,0.04,33.3,37.19,993.72,29826,27.232795555555555,78.0143811111111
130,0.16,0.06,33.02,30.05,993.72,10073,27.232815555555554,78.0141111111111
131,0.0,0.05,33.7,33.14,993.72,15483,27.232815555555554,78.0141411111111
132,0.15,0.07,34.21,39.99,993.72,7296,27.232815555555554,78.01417111111111
133,0.02,0.02,33.23,43.35,993.72,13442,27.232815555555554,78.0142011111111
134,0.07,0.02,32.27,30.71,993.72,35791,27.232815555555554,78.0142311111111
135,0.1,0.07,31.86,40.34,993.72,29060,27.232815555555554,78.01426111111111
136,0.1,0.02,33.08,28.15,993.72,33818,27.232815555555554,78.0142911111111
137,0.08,0.02,33.24,27.32,993.72,22026,27.232815555555554,78.0143211111111
138,0.15,0.08,33.41,35.1,993.72,14419,27.232815555555554,78.01435111111111
139,0.0,0.05,34.34,44.56,993.72,35601,27.232815555555554,78.0143811111111
140,0.19,0.02,31.62,31.04,993.72,36047,27.232835555555553,78.0141111111111
141,0.11,0.09,32.32,43.07,993.72,13197,27.232835555555553,78.0141411111111
142,0.18,0.08,32.42,42.82,993.72,21672,27.232835555555553,78.01417111111111
143,0.05,0.08,32.28,38.69,993.72,16467,27.232835555555553,78.0142011111111
144,0.11,0.04,34.15,30.97,993.72,42737,27.232835555555553,78.0142311111111
145,0.18,0.0,31.87,40.37,993.72,34790,27.232835555555553,78.01426111111111
146,0.06,0.06,33.57,44.35,993.72,30753,27.232835555555553,78.0142911111111
147,0.08,0.1,32.36,34.79,993.72,38593,27.232835555555553,78.0143211111111
148,0.12,0.01,31.85,31.85,993.72,6904,27.232835555555553,78.01435111111111
149,0.04,0.08,33.01,44.27,993.72,41919,27.232835555555553,78.0143811111111
150,0.11,0.07,32.03,32.42,993.72,14100,27.232855555555552,78.0141111111111
151,0.02,0.08,32.19,36.13,993.72,23860,27.232855555555552,78.0141411111111
152,0.05,0.05,33.05,38.16,993.72,32167,27.232855555555552,78.01417111111111
153,0.09,0.03,34.33,31.88,993.72,15736,27.232855555555552,78.0142011111111
154,0.08,0.05,31.79,31.28,993.72,24771,27.232855555555552,78.0142311111111
155,0.1,0.02,32.89,42.88,993.72,25979,27.232855555555552,78.01426111111111
156,0.11,0.02,32.24,33.97,993.72,35598,27.232855555555552,78.0142911111111
157,0.07,0.05,33.23,33.36,993.72,18042,27.232855555555552,78.0143211111111
158,0.04,0.02,32.58,38.03,993.72,28302,27.232855555555552,78.01435111111111
159,0.02,0.02,33.27,35.53,993.72,15904,27.232855555555552,78.0143811111111
160,0.02,0.02,33.13,29.2,993.72,10914,27.23287555555555,78.0141111111111
161,0.16,0.04,33.19,29.78,993.72,14224,27.23287555555555,78.0141411111111
162,0.12,0.06,33.68,39.79,993.72,41098,27.23287555555555,78.01417111111111
163,0.02,0.03,33.49,32.62,993.72,30136,27.23287555555555,78.0142011111111
164,0.1,0.02,33.51,33.6,993.72,28534,27.23287555555555,78.0142311111111
165,0.14,0.05,32.87,30.07,993.72,24634,27.23287555555555,78.01426111111111
166,0.05,0.1,32.96,33.57,993.72,36707,27.23287555555555,78.0142911111111
167,0.07,0.08,33.16,42.56,993.72,33655,27.23287555555555,78.0143211111111
168,0.11,0.0,33.03,31.74,993.72,36286,27.23287555555555,78.01435111111111
169,0.11,0.1,31.94,36.21,993.72,9657,27.23287555555555,78.0143811111111
170,0.11,0.06,33.34,40.69,993.72,39941,27.232895555555555,78.0141111111111
171,0.17,0.1,34.04,43.76,993.72,20480,27.232895555555555,78.0141411111111
172,0.11,0.04,32.64,41.7,993.72,16791,27.232895555555555,78.01417111111111
173,0.07,0.04,32.7,29.86,993.72,17225,27.232895555555555,78.0142011111111
174,0.05,0.01,31.99,28.01,993.72,38312,27.232895555555555,78.0142311111111
175,0.07,0.08,33.33,27.73,993.72,36908,27.232895555555555,78.01426111111111
176,0.15,0.09,34.02,32.52,993.72,22573,27.232895555555555,78.0142911111111
177,0.03,0.09,32.75,43.36,993.72,27072,27.232895555555555,78.0143211111111
178,0.01,0.09,31.89,30.78,993.72,32480,27.232895555555555,78.01435111111111
179,0.1,0.05,31.96,38.84,993.72,39576,27.232895555555555,78.0143811111111
180,0.12,0.02,32.37,41.13,993.72,14322,27.232915555555554,78.0141111111111
181,0.09,0.03,32.52,40.26,993.72,30812,27.232915555555554,78.0141411111111
182,0.06,0.05,34.08,27.64,993.72,31985,27.232915555555554,78.01417111111111
183,0.1,0.01,33.26,28.44,993.72,20297,27.232915555555554,78.0142011111111
184,0.09,0.02,33.89,33.44,993.72,39780,27.232915555555554,78.0142311111111
185,0.18,0.09,33.66,41.09,993.72,15151,27.232915555555554,78.01426111111111
186,0.11,0.1,32.54,28.49,993.72,32450,27.232915555555554,78.0142911111111
187,0.08,0.07,33.55,31.21,993.72,42523,27.232915555555554,78.0143211111111
188,0.11,0.0,32.93,28.19,993.72,9934,27.232915555555554,78.01435111111111
189,0.02,0.04,32.06,40.69,993.72,38309,27.232915555555554,78.0143811111111
190,0.19,0.05,32.28,43.41,993.72,34385,27.232935555555553,78.0141111111111
191,0.15,0.04,34.16,36.77,993.72,41647,27.232935555555553,78.0141411111111
192,0.18,0.02,33.16,39.1,993.72,39374,27.232935555555553,78.01417111111111
193,0.1,0.03,34.29,42.76,993.72,9786,27.232935555555553,78.0142011111111
194,0.1,0.08,32.27,42.42,993.72,35944,27.232935555555553,78.0142311111111
195,0.17,0.03,31.72,28.57,993.72,22654,27.232935555555553,78.01426111111111
196,0.16,0.01,32.19,36.04,993.72,34039,27.232935555555553,78.0142911111111
197,0.17,0.01,31.8,31.09,993.72,8041,27.232935555555553,78.0143211111111
198,0.1,0.07,32.6,42.3,993.72,41809,27.232935555555553,78.01435111111111
199,0.05,0.08,33.23,43.63,993.72,11740,27.232935555555553,78.0143811111111
200,0.04,0.02,33.03,27.77,993.72,12765,27.232955555555552,78.0141111111111
201,0.17,0.07,31.64,36.14,993.72,13393,27.232955555555552,78.0141411111111
202,0.17,0.06,32.41,33.7,993.72,36826,27.232955555555552,78.01417111111111
203,0.04,0.04,33.56,28.15,993.72,30706,27.232955555555552,78.0142011111111
204,0.02,0.06,31.95,41.0,993.72,40202,27.232955555555552,78.0142311111111
205,0.03,0.1,34.21,33.67,993.72,42446,27.232955555555552,78.01426111111111
206,0.13,0.06,33.4,29.8,993.72,11505,27.232955555555552,78.0142911111111
207,0.09,0.01,32.0,38.93,993.72,24649,27.232955555555552,78.0143211111111
208,0.06,0.06,33.85,39.49,993.72,9392,27.232955555555552,78.01435111111111
209,0.16,0.06,34.2,34.33,993.72,16324,27.232955555555552,78.0143811111111
210,0.14,0.08,33.34,38.46,993.72,39385,27.23297555555555,78.0141111111111
211,0.04,0.09,32.52,42.72,993.72,12590,27.23297555555555,78.0141411111111
212,0.11,0.05,33.23,41.07,993.72,7982,27.23297555555555,78.01417111111111
213,0.03,0.02,32.97,36.02,993.72,33074,27.23297555555555,78.0142011111111
214,0.14,0.09,33.19,43.85,993.72,7921,27.23297555555555,78.0142311111111
215,0.19,0.03,32.03,33.41,993.72,39852,27.23297555555555,78.01426111111111
216,0.15,0.06,32.99,36.58,993.72,40718,27.23297555555555,78.0142911111111
217,0.05,0.01,32.15,38.21,993.72,32724,27.23297555555555,78.0143211111111
218,0.18,0.08,33.95,32.76,993.72,32703,27.23297555555555,78.01435111111111
219,0.12,0.04,32.0,32.53,993.72,42108,27.23297555555555,78.0143811111111
220,0.04,0.06,33.77,40.13,993.72,42479,27.232995555555554,78.0141111111111
221,0.03,0.0,31.99,40.9,993.72,28532,27.232995555555554,78.0141411111111
222,0.16,0.03,33.74,37.06,993.72,40974,27.232995555555554,78.01417111111111
223,0.18,0.01,32.13,38.37,993.72,11626,27.232995555555554,78.0142011111111
224,0.02,0.08,31.89,34.4,993.72,22604,27.232995555555554,78.0142311111111
225,0.01,0.06,34.41,32.07,993.72,20117,27.232995555555554,78.01426111111111
226,0.18,0.04,31.51,31.06,993.72,26935,27.232995555555554,78.0142911111111
227,0.06,0.01,31.78,42.81,993.72,16296,27.232995555555554,78.0143211111111
228,0.17,0.09,31.96,37.09,993.72,15929,27.232995555555554,78.01435111111111
229,0.13,0.07,32.69,27.59,993.72,14602,27.232995555555554,78.0143811111111
230,0.16,0.01,33.85,40.16,993.72,24287,27.233015555555554,78.0141111111111
231,0.16,0.06,32.06,30.69,993.72,17226,27.233015555555554,78.0141411111111
232,0.14,0.03,32.3,30.84,993.72,36559,27.233015555555554,78.01417111111111
233,0.17,0.05,32.52,29.38,993.72,25948,27.233015555555554,78.0142011111111
234,0.07,0.04,31.81,36.82,993.72,16110,27.233015555555554,78.0142311111111
235,0.09,0.04,33.46,30.5,993.72,23524,27.233015555555554,78.01426111111111
236,0.14,0.09,34.16,30.09,993.72,10244,27.233015555555554,78.0142911111111
237,0.1,0.05,32.33,35.92,993.72,20887,27.233015555555554,78.0143211111111
238,0.14,0.0,33.29,43.71,993.72,11620,27.233015555555554,78.01435111111111
239,0.18,0.09,32.4,34.68,993.72,33051,27.233015555555554,78.0143811111111
240,0.11,0.08,32.03,31.54,993.72,10473,27.233035555555553,78.0141111111111
241,0.05,0.0,32.89,35.06,993.72,10366,27.233035555555553,78.0141411111111
242,0.13,0.08,34.46,34.41,993.72,32642,27.233035555555553,78.01417111111111
243,0.15,0.06,34.45,42.28,993.72,14601,27.233035555555553,78.0142011111111
244,0.13,0.06,32.95,28.09,993.72,36099,27.233035555555553,78.0142311111111
245,0.05,0.09,31.55,40.99,993.72,7659,27.233035555555553,78.01426111111111
246,0.12,0.06,32.29,41.31,993.72,37789,27.233035555555553,78.0142911111111
247,0.14,0.09,33.54,34.03,993.72,6743,27.233035555555553,78.0143211111111
248,0.0,0.03,33.38,31.17,993.72,18690,27.233035555555553,78.01435111111111
249,0.11,0.07,33.67,43.44,993.72,18913,27.233035555555553,78.0143811111111
250,0.15,0.08,32.54,42.07,993.72,40258,27.233055555555552,78.0141111111111
251,0.17,0.03,33.0,31.79,993.72,9255,27.233055555555552,78.0141411111111
252,0.12,0.1,33.44,27.77,993.72,9968,27.233055555555552,78.01417111111111
253,0.07,0.08,32.92,29.99,993.72,14090,27.233055555555552,78.0142011111111
254,0.01,0.04,31.94,28.3,993.72,10983,27.233055555555552,78.0142311111111
255,0.12,0.0,31.93,42.13,993.72,33249,27.233055555555552,78.01426111111111
256,0.01,0.07,32.19,36.68,993.72,10847,27.233055555555552,78.0142911111111
257,0.06,0.03,34.35,28.14,993.72,33646,27.233055555555552,78.0143211111111
258,0.13,0.09,32.71,35.72,993.72,20482,27.233055555555552,78.01435111111111
259,0.16,0.05,32.81,42.48,993.72,36752,27.233055555555552,78.0143811111111
260,0.2,0.02,32.37,29.31,993.72,20409,27.233075555555555,78.0141111111111
261,0.14,0.09,33.33,35.87,993.72,10778,27.233075555555555,78.0141411111111
262,0.04,0.01,32.15,29.97,993.72,22222,27.233075555555555,78.01417111111111
263,0.02,0.02,32.73,41.1,993.72,30219,27.233075555555555,78.0142011111111
264,0.01,0.01,32.64,40.17,993.72,14757,27.233075555555555,78.0142311111111
265,0.15,0.07,32.94,32.34,993.72,33239,27.233075555555555,78.01426111111111
266,0.0,0.02,33.73,30.27,993.72,23150,27.233075555555555,78.0142911111111
267,0.12,0.02,33.25,32.29,993.72,6278,27.233075555555555,78.0143211111111
268,0.02,0.05,33.24,38.67,993.72,13782,27.233075555555555,78.01435111111111
269,0.17,0.06,34.29,33.69,993.72,9030,27.233075555555555,78.0143811111111
270,0.08,0.07,33.43,43.97,993.72,14487,27.233095555555554,78.0141111111111
271,0.13,0.07,32.34,42.68,993.72,28845,27.233095555555554,78.0141411111111
272,0.15,0.09,33.58,28.4,993.72,10937,27.233095555555554,78.01417111111111
273,0.12,0.04,32.04,31.58,993.72,41527,27.233095555555554,78.0142011111111
274,0.19,0.02,34.2,29.24,993.72,42956,27.233095555555554,78.0142311111111
275,0.06,0.04,32.93,31.18,993.72,40972,27.233095555555554,78.01426111111111
276,0.19,0.03,32.43,43.59,993.72,39546,27.233095555555554,78.0142911111111
277,0.15,0.06,33.15,30.18,993.72,36319,27.233095555555554,78.0143211111111
278,0.01,0.07,33.05,30.53,993.72,15147,27.233095555555554,78.01435111111111
279,0.02,0.05,33.24,35.21,993.72,17045,27.233095555555554,78.0143811111111
280,0.16,0.02,33.06,40.23,993.72,34831,27.233115555555553,78.0141111111111
281,0.18,0.08,32.48,38.29,993.72,27401,27.233115555555553,78.0141411111111
282,0.1,0.08,34.16,36.07,993.72,20786,27.233115555555553,78.01417111111111
283,0.03,0.01,32.55,35.08,993.72,18853,27.233115555555553,78.0142011111111
284,0.16,0.08,32.97,42.35,993.72,26385,27.233115555555553,78.0142311111111
285,0.16,0.01,33.09,34.28,993.72,14622,27.233115555555553,78.01426111111111
286,0.14,0.05,34.42,27.91,993.72,19969,27.233115555555553,78.0142911111111
287,0.02,0.09,34.0,44.41,993.72,20951,27.233115555555553,78.0143211111111
288,0.02,0.09,32.49,31.55,993.72,27437,27.233115555555553,78.01435111111111
289,0.03,0.0,31.89,30.58,993.72,21119,27.233115555555553,78.0143811111111
290,0.06,0.08,33.59,36.58,993.72,19718,27.233135555555553,78.0141111111111
291,0.17,0.04,34.42,39.74,993.72,13852,27.233135555555553,78.0141411111111
292,0.15,0.07,31.52,44.21,993.72,34538,27.233135555555553,78.01417111111111
293,0.01,0.04,33.82,44.08,993.72,16457,27.233135555555553,78.0142011111111
294,0.08,0.07,32.2,43.85,993.72,6525,27.233135555555553,78.0142311111111
295,0.07,0.03,34.39,32.06,993.72,35986,27.233135555555553,78.01426111111111
296,0.12,0.08,33.05,42.04,993.72,33458,27.233135555555553,78.0142911111111
297,0.2,0.03,33.77,40.4,993.72,39093,27.233135555555553,78.0143211111111
298,0.05,0.09,33.04,34.94,993.72,24324,27.233135555555553,78.01435111111111
299,0.0,0.02,32.83,30.89,993.72,24654,27.233135555555553,78.0143811111111
300,0.09,0.02,32.37,40.19,993.72,38921,27.233155555555552,78.0141111111111
301,0.06,0.08,32.74,27.79,993.72,11187,27.233155555555552,78.0141411111111
302,0.15,0.01,33.58,28.67,993.72,20144,27.233155555555552,78.01417111111111
303,0.03,0.01,31.53,41.85,993.72,34952,27.233155555555552,78.0142011111111
304,0.14,0.03,32.46,39.43,993.72,32643,27.233155555555552,78.0142311111111
305,0.13,0.09,32.98,40.09,993.72,32552,27.233155555555552,78.01426111111111
306,0.19,0.01,32.49,39.54,993.72,37475,27.233155555555552,78.0142911111111
307,0.0,0.05,33.51,32.38,993.72,29618,27.233155555555552,78.0143211111111
308,0.06,0.09,32.76,38.99,993.72,35836,27.233155555555552,78.01435111111111
309,0.11,0.04,33.53,34.45,993.72,16399,27.233155555555552,78.0143811111111
310,0.17,0.05,33.3,41.42,993.72,18286,27.233175555555555,78.0141111111111
311,0.03,0.08,32.74,44.98,993.72,22916,27.233175555555555,78.0141411111111
312,0.11,0.1,34.02,44.53,993.72,8057,27.233175555555555,78.01417111111111
313,0.04,0.06,32.78,30.76,993.72,28568,27.233175555555555,78.0142011111111
314,0.17,0.09,31.85,39.49,993.72,30581,27.233175555555555,78.0142311111111
315,0.14,0.1,33.14,29.82,993.72,39792,27.233175555555555,78.01426111111111
316,0.04,0.01,31.77,34.71,993.72,29084,27.233175555555555,78.0142911111111
317,0.07,0.09,32.39,33.38,993.72,40412,27.233175555555555,78.0143211111111
318,0.17,0.02,34.29,41.67,993.72,39652,27.233175555555555,78.01435111111111
319,0.14,0.08,33.89,40.91,993.72,42030,27.233175555555555,78.0143811111111
320,0.06,0.08,32.4,27.57,993.72,31146,27.233195555555554,78.0141111111111
321,0.15,0.02,32.5,33.27,993.72,6034,27.233195555555554,78.0141411111111
322,0.09,0.06,31.82,36.66,993.72,16724,27.233195555555554,78.01417111111111
323,0.02,0.06,33.34,40.11,993.72,33487,27.233195555555554,78.0142011111111
324,0.09,0.09,34.04,38.27,993.72,12617,27.233195555555554,78.0142311111111
325,0.07,0.07,34.19,34.85,993.72,30935,27.233195555555554,78.01426111111111
326,0.07,0.03,34.17,39.95,993.72,7805,27.233195555555554,78.0142911111111
327,0.18,0.02,31.96,32.6,993.72,42220,27.233195555555554,78.0143211111111
328,0.09,0.06,31.57,38.63,993.72,31018,27.233195555555554,78.01435111111111
329,0.14,0.08,32.31,36.47,993.72,39160,27.233195555555554,78.0143811111111
330,0.13,0.02,32.25,38.05,993.72,21374,27.233215555555553,78.0141111111111
331,0.16,0.0,33.13,34.77,993.72,26601,27.233215555555553,78.0141411111111
332,0.13,0.03,33.11,33.2,993.72,23668,27.233215555555553,78.01417111111111
333,0.07,0.06,33.27,33.5,993.72,32465,27.233215555555553,78.0142011111111
334,0.12,0.02,33.28,39.71,993.72,19401,27.233215555555553,78.0142311111111
335,0.12,0.06,33.24,28.6,993.72,25739,27.233215555555553,78.01426111111111
336,0.02,0.07,32.74,42.3,993.72,22049,27.233215555555553,78.0142911111111
337,0.11,0.02,32.51,32.59,993.72,15491,27.233215555555553,78.0143211111111
338,0.16,0.07,32.84,36.72,993.72,27520,27.233215555555553,78.01435111111111
339,0.04,0.1,33.86,43.48,993.72,42746,27.233215555555553,78.0143811111111
340,0.03,0.04,33.66,39.24,993.72,33008,27.233235555555552,78.0141111111111
341,0.11,0.09,31.5,35.48,993.72,38190,27.233235555555552,78.0141411111111
342,0.04,0.1,33.1,44.39,993.72,42214,27.233235555555552,78.01417111111111
343,0.13,0.08,34.05,34.76,993.72,7033,27.233235555555552,78.0142011111111
344,0.13,0.02,31.88,41.53,993.72,42834,27.233235555555552,78.0142311111111
345,0.16,0.02,33.82,29.88,993.72,39318,27.233235555555552,78.01426111111111
346,0.18,0.04,33.53,43.56,993.72,34838,27.233235555555552,78.0142911111111
347,0.17,0.02,33.0,33.67,993.72,6663,27.233235555555552,78.0143211111111
348,0.16,0.07,34.24,43.93,993.72,42209,27.233235555555552,78.01435111111111
349,0.02,0.02,32.7,28.09,993.72,13569,27.233235555555552,78.0143811111111
350,0.02,0.1,32.77,40.84,993.72,7088,27.23325555555555,78.0141111111111
351,0.01,0.06,32.81,28.46,993.72,20417,27.23325555555555,78.0141411111111
352,0.06,0.01,32.34,28.92,993.72,26992,27.23325555555555,78.01417111111111
353,0.19,0.04,33.18,31.27,993.72,10308,27.23325555555555,78.0142011111111
354,0.17,0.06,31.98,40.05,993.72,16823,27.23325555555555,78.0142311111111
355,0.16,0.09,33.34,29.97,993.72,34337,27.23325555555555,78.01426111111111
356,0.0,0.06,32.37,34.58,993.72,14501,27.23325555555555,78.0142911111111
357,0.01,0.1,33.04,36.6,993.72,12484,27.23325555555555,78.0143211111111
358,0.06,0.02,32.56,28.9,993.72,41989,27.23325555555555,78.01435111111111
359,0.16,0.0,32.72,37.52,993.72,41481,27.23325555555555,78.0143811111111
360,0.08,0.07,32.61,43.32,993.72,6138,27.233275555555554,78.0141111111111
361,0.12,0.1,32.69,36.23,993.72,40314,27.233275555555554,78.0141411111111
362,0.17,0.07,32.09,37.02,993.72,23533,27.233275555555554,78.01417111111111
363,0.05,0.04,34.18,37.89,993.72,7256,27.233275555555554,78.0142011111111
364,0.13,0.03,32.31,37.69,993.72,26284,27.233275555555554,78.0142311111111
365,0.18,0.06,32.71,30.32,993.72,32692,27.233275555555554,78.01426111111111
366,0.04,0.07,34.16,38.58,993.72,8595,27.233275555555554,78.0142911111111
367,0.17,0.01,33.07,44.69,993.72,22739,27.233275555555554,78.0143211111111
368,0.08,0.05,33.32,34.17,993.72,23487,27.233275555555554,78.01435111111111
369,0.13,0.08,33.65,29.62,993.72,8356,27.233275555555554,78.0143811111111
370,0.09,0.02,34.45,44.48,993.72,39186,27.233295555555554,78.0141111111111
371,0.04,0.04,32.97,35.16,993.72,10230,27.233295555555554,78.0141411111111
372,0.02,0.01,32.84,36.46,993.72,25731,27.233295555555554,78.01417111111111
373,0.08,0.1,34.29,39.53,993.72,19008,27.233295555555554,78.0142011111111
374,0.03,0.09,32.16,38.15,993.72,10883,27.233295555555554,78.0142311111111
375,0.15,0.05,34.2,27.46,993.72,39641,27.233295555555554,78.01426111111111
376,0.07,0.07,32.36,43.84,993.72,15657,27.233295555555554,78.0142911111111
377,0.11,0.09,33.71,40.14,993.72,39585,27.233295555555554,78.0143211111111
378,0.0,0.0,32.0,31.85,993.72,12837,27.233295555555554,78.01435111111111
379,0.02,0.04,32.46,34.42,993.72,39342,27.233295555555554,78.0143811111111
380,0.13,0.1,33.01,31.58,993.72,6025,27.233315555555553,78.0141111111111
381,0.17,0.09,31.56,31.08,993.72,31379,27.233315555555553,78.0141411111111
382,0.09,0.02,33.2,39.6,993.72,6751,27.233315555555553,78.01417111111111
383,0.16,0.05,33.5,38.38,993.72,39908,27.233315555555553,78.0142011111111
384,0.02,0.02,32.6,28.89,993.72,41890,27.233315555555553,78.0142311111111
385,0.04,0.1,34.11,30.75,993.72,40385,27.233315555555553,78.01426111111111
386,0.19,0.05,33.5,36.5,993.72,16213,27.233315555555553,78.0142911111111
387,0.09,0.04,32.73,30.78,993.72,31457,27.233315555555553,78.0143211111111
388,0.09,0.05,32.34,30.83,993.72,42220,27.233315555555553,78.01435111111111
389,0.1,0.1,32.92,30.42,993.72,12496,27.233315555555553,78.0143811111111
390,0.05,0.07,33.76,43.73,993.72,8688,27.233335555555552,78.0141111111111
391,0.11,0.08,31.96,38.01,993.72,40376,27.233335555555552,78.0141411111111
392,0.2,0.04,32.72,39.34,993.72,25474,27.233335555555552,78.01417111111111
393,0.07,0.08,31.64,43.01,993.72,13316,27.233335555555552,78.0142011111111
394,0.03,0.05,32.76,30.82,993.72,29407,27.233335555555552,78.0142311111111
395,0.17,0.02,32.61,27.72,993.72,30041,27.233335555555552,78.01426111111111
396,0.02,0.09,33.8,42.25,993.72,25044,27.233335555555552,78.0142911111111
397,0.15,0.04,32.06,29.82,993.72,13596,27.233335555555552,78.0143211111111
398,0.01,0.04,32.63,39.83,993.72,10488,27.233335555555552,78.01435111111111
399,0.12,0.0,33.98,28.89,993.72,16418,27.233335555555552,78.0143811111111
400,0.06,0.0,34.33,33.35,993.72,10422,27.233355555555555,78.0141111111111
401,0.02,0.05,33.7,29.46,993.72,15558,27.233355555555555,78.0141411111111
402,0.06,0.09,34.49,40.08,993.72,15568,27.233355555555555,78.01417111111111
403,0.04,0.03,34.33,36.33,993.72,22325,27.233355555555555,78.0142011111111
404,0.12,0.09,32.55,36.45,993.72,30305,27.233355555555555,78.0142311111111
405,0.08,0.04,33.39,44.43,993.72,35966,27.233355555555555,78.01426111111111
406,0.06,0.07,32.09,44.24,993.72,7409,27.233355555555555,78.0142911111111
407,0.19,0.03,34.05,34.11,993.72,35360,27.233355555555555,78.0143211111111
408,0.17,0.05,31.55,41.91,993.72,20992,27.233355555555555,78.01435111111111
409,0.0,0.1,31.69,36.46,993.72,40047,27.233355555555555,78.0143811111111
410,0.02,0.09,33.29,39.76,993.72,25415,27.233375555555554,78.0141111111111
411,0.19,0.04,33.99,44.31,993.72,32982,27.233375555555554,78.0141411111111
412,0.03,0.06,32.5,40.86,993.72,11142,27.233375555555554,78.01417111111111
413,0.08,0.09,33.21,37.5,993.72,16591,27.233375555555554,78.0142011111111
414,0.16,0.01,31.76,36.04,993.72,17816,27.233375555555554,78.0142311111111
415,0.02,0.05,34.44,31.02,993.72,28829,27.233375555555554,78.01426111111111
416,0.08,0.08,34.0,41.14,993.72,30348,27.233375555555554,78.0142911111111
417,0.18,0.05,33.64,40.32,993.72,26310,27.233375555555554,78.0143211111111
418,0.04,0.1,32.55,41.74,993.72,8653,27.233375555555554,78.01435111111111
419,0.05,0.08,33.87,31.83,993.72,39913,27.233375555555554,78.0143811111111
420,0.07,0.06,33.68,37.32,993.72,6822,27.233395555555553,78.0141111111111
421,0.16,0.07,33.14,42.01,993.72,31061,27.233395555555553,78.0141411111111
422,0.12,0.08,32.32,32.71,993.72,42222,27.233395555555553,78.01417111111111
423,0.06,0.0,34.16,33.27,993.72,28010,27.233395555555553,78.0142011111111
424,0.09,0.1,32.19,27.63,993.72,38817,27.233395555555553,78.0142311111111
425,0.18,0.06,33.59,39.58,993.72,6798,27.233395555555553,78.01426111111111
426,0.19,0.07,32.73,39.28,993.72,14227,27.233395555555553,78.0142911111111
427,0.04,0.08,32.61,40.44,993.72,37035,27.233395555555553,78.0143211111111
428,0.16,0.02,33.58,28.29,993.72,25483,27.233395555555553,78.01435111111111
429,0.13,0.01,33.22,42.54,993.72,10401,27.233395555555553,78.0143811111111
430,0.02,0.01,34.03,27.7,993.72,27324,27.233415555555553,78.0141111111111
431,0.01,0.09,33.22,41.79,993.72,25736,27.233415555555553,78.0141411111111
432,0.15,0.09,31.96,29.53,993.72,15215,27.233415555555553,78.01417111111111
433,0.14,0.02,34.19,31.31,993.72,11751,27.233415555555553,78.0142011111111
434,0.04,0.03,32.63,41.09,993.72,23499,27.233415555555553,78.0142311111111
435,0.1,0.08,34.18,28.17,993.72,40642,27.233415555555553,78.01426111111111
436,0.02,0.06,34.16,33.78,993.72,22797,27.233415555555553,78.0142911111111
437,0.04,0.04,34.49,35.36,993.72,20582,27.233415555555553,78.0143211111111
438,0.2,0.08,33.9,31.97,993.72,42141,27.233415555555553,78.01435111111111
439,0.05,0.0,33.91,38.33,993.72,19710,27.233415555555553,78.0143811111111
440,0.04,0.0,33.06,37.45,993.72,42609,27.233435555555552,78.0141111111111
441,0.01,0.05,32.04,33.88,993.72,30402,27.233435555555552,78.0141411111111
442,0.04,0.07,31.69,36.13,993.72,38616,27.233435555555552,78.01417111111111
443,0.04,0.1,32.05,27.43,993.72,24746,27.233435555555552,78.0142011111111
444,0.15,0.02,33.41,37.24,993.72,17821,27.233435555555552,78.0142311111111
445,0.07,0.04,32.92,38.14,993.72,42258,27.233435555555552,78.01426111111111
446,0.13,0.02,32.14,32.88,993.72,12264,27.233435555555552,78.0142911111111
447,0.02,0.1,34.34,43.97,993.72,21290,27.233435555555552,78.0143211111111
448,0.06,0.1,33.44,42.57,993.72,34576,27.233435555555552,78.01435111111111
449,0.05,0.02,33.96,33.46,993.72,21889,27.233435555555552,78.0143811111111
450,0.06,0.06,33.64,29.43,993.72,16831,27.233455555555555,78.0141111111111
451,0.06,0.09,33.99,40.42,993.72,42799,27.233455555555555,78.0141411111111
452,0.12,0.08,32.64,28.98,993.72,28599,27.233455555555555,78.01417111111111
453,0.11,0.07,33.24,38.8,993.72,23749,27.233455555555555,78.0142011111111
454,0.19,0.09,32.39,27.95,993.72,26423,27.233455555555555,78.0142311111111
455,0.1,0.07,32.57,33.16,993.72,6859,27.233455555555555,78.01426111111111
456,0.17,0.04,33.48,32.13,993.72,18141,27.233455555555555,78.0142911111111
457,0.11,0.07,32.71,31.94,993.72,31030,27.233455555555555,78.0143211111111
458,0.14,0.06,34.09,33.48,993.72,42908,27.233455555555555,78.01435111111111
459,0.07,0.06,32.25,33.92,993.72,33742,27.233455555555555,78.0143811111111
460,0.12,0.02,34.23,44.42,993.72,39071,27.233475555555554,78.0141111111111
461,0.08,0.07,32.08,41.4,993.72,15940,27.233475555555554,78.0141411111111
462,0.04,0.03,31.73,43.92,993.72,11050,27.233475555555554,78.01417111111111
463,0.01,0.07,33.89,35.58,993.72,42430,27.233475555555554,78.0142011111111
464,0.12,0.05,32.15,36.34,993.72,6713,27.233475555555554,78.0142311111111
465,0.16,0.0,34.39,37.01,993.72,6796,27.233475555555554,78.01426111111111
466,0.07,0.04,31.91,35.66,993.72,26151,27.233475555555554,78.0142911111111
467,0.0,0.05,32.13,34.92,993.72,32930,27.233475555555554,78.0143211111111
468,0.05,0.08,34.23,37.67,993.72,24557,27.233475555555554,78.01435111111111
469,0.04,0.1,33.84,32.47,993.72,25945,27.233475555555554,78.0143811111111
470,0.03,0.06,31.63,37.7,993.72,41240,27.233495555555553,78.0141111111111
471,0.08,0.09,32.97,29.83,993.72,11801,27.233495555555553,78.0141411111111
472,0.12,0.04,32.96,32.45,993.72,22064,27.233495555555553,78.01417111111111
473,0.11,0.01,32.5,41.88,993.72,11344,27.233495555555553,78.0142011111111
474,0.06,0.09,32.28,32.1,993.72,7563,27.233495555555553,78.0142311111111
475,0.03,0.07,32.66,28.78,993.72,9900,27.233495555555553,78.01426111111111
476,0.11,0.02,33.98,41.79,993.72,30769,27.233495555555553,78.0142911111111
477,0.18,0.02,34.36,40.72,993.72,12804,27.233495555555553,78.0143211111111
478,0.02,0.09,32.18,34.29,993.72,10164,27.233495555555553,78.01435111111111
479,0.12,0.09,32.03,29.11,993.72,28289,27.233495555555553,78.0143811111111
480,0.14,0.06,34.31,42.59,993.72,22895,27.233515555555552,78.0141111111111
481,0.19,0.09,33.39,36.47,993.72,7914,27.233515555555552,78.0141411111111
482,0.06,0.06,32.53,32.79,993.72,23472,27.233515555555552,78.01417111111111
483,0.07,0.01,34.19,29.62,993.72,9016,27.233515555555552,78.0142011111111
484,0.13,0.04,32.65,44.43,993.72,20794,27.233515555555552,78.0142311111111
485,0.13,0.04,33.32,32.15,993.72,24909,27.233515555555552,78.01426111111111
486,0.19,0.07,34.32,27.16,993.72,31503,27.233515555555552,78.0142911111111
487,0.11,0.08,34.16,33.01,993.72,10521,27.233515555555552,78.0143211111111
488,0.15,0.01,34.37,43.86,993.72,24509,27.233515555555552,78.01435111111111
489,0.02,0.09,32.19,35.39,993.72,21636,27.233515555555552,78.0143811111111
490,0.19,0.05,32.42,33.35,993.72,25588,27.23353555555555,78.0141111111111
491,0.18,0.04,32.41,32.45,993.72,28234,27.23353555555555,78.0141411111111
492,0.04,0.07,33.97,31.39,993.72,41000,27.23353555555555,78.01417111111111
493,0.08,0.05,33.55,31.07,993.72,12199,27.23353555555555,78.0142011111111
494,0.04,0.01,32.81,36.22,993.72,33098,27.23353555555555,78.0142311111111
495,0.13,0.01,34.2,27.3,993.72,14387,27.23353555555555,78.01426111111111
496,0.12,0.05,34.42,27.9,993.72,10855,27.23353555555555,78.0142911111111
497,0.02,0.09,33.25,34.08,993.72,14448,27.23353555555555,78.0143211111111
498,0.06,0.07,32.3,42.68,993.72,27562,27.23353555555555,78.01435111111111
499,0.17,0.07,33.93,29.8,993.72,27679,27.23353555555555,78.0143811111111
500,0.11,0.07,34.47,32.08,993.72,22698,27.233555555555554,78.0141111111111
501,0.17,0.04,32.85,37.92,993.72,26410,27.233555555555554,78.0141411111111
502,0.08,0.01,31.84,35.36,993.72,28149,27.233555555555554,78.01417111111111
503,0.08,0.08,34.02,40.0,993.72,15728,27.233555555555554,78.0142011111111
504,0.05,0.07,33.56,36.68,993.72,18312,27.233555555555554,78.0142311111111
505,0.07,0.01,32.4,39.73,993.72,6129,27.233555555555554,78.01426111111111
506,0.15,0.03,34.47,33.76,993.72,32215,27.233555555555554,78.0142911111111
507,0.13,0.07,32.46,34.16,993.72,32150,27.233555555555554,78.0143211111111
508,0.17,0.1,33.94,35.81,993.72,19528,27.233555555555554,78.01435111111111
509,0.1,0.04,33.57,37.41,993.72,20530,27.233555555555554,78.0143811111111
510,0.11,0.06,33.27,39.62,993.72,37004,27.233575555555554,78.0141111111111
511,0.15,0.08,33.67,30.57,993.72,12430,27.233575555555554,78.0141411111111
512,0.06,0.04,32.35,42.27,993.72,11293,27.233575555555554,78.01417111111111
513,0.2,0.0,34.34,37.87,993.72,12264,27.233575555555554,78.0142011111111
514,0.06,0.07,33.52,41.32,993.72,34077,27.233575555555554,78.0142311111111
515,0.01,0.07,34.46,37.78,993.72,30258,27.233575555555554,78.01426111111111
516,0.12,0.01,32.1,30.21,993.72,25965,27.233575555555554,78.0142911111111
517,0.15,0.01,33.58,35.49,993.72,13112,27.233575555555554,78.0143211111111
518,0.13,0.0,33.16,43.97,993.72,7978,27.233575555555554,78.01435111111111
519,0.12,0.04,32.27,33.51,993.72,8839,27.233575555555554,78.0143811111111
520,0.01,0.01,31.65,40.19,993.72,32295,27.233595555555553,78.0141111111111
521,0.01,0.05,32.49,43.96,993.72,35975,27.233595555555553,78.0141411111111
522,0.19,0.05,33.42,41.69,993.72,36758,27.233595555555553,78.01417111111111
523,0.05,0.01,33.39,44.11,993.72,31804,27.233595555555553,78.0142011111111
524,0.01,0.03,31.63,28.89,993.72,10868,27.233595555555553,78.0142311111111
525,0.05,0.06,33.02,32.26,993.72,32310,27.233595555555553,78.01426111111111
526,0.01,0.07,33.52,31.59,993.72,40408,27.233595555555553,78.0142911111111
527,0.11,0.09,31.56,34.85,993.72,12437,27.233595555555553,78.0143211111111
528,0.17,0.08,31.54,39.64,993.72,17798,27.233595555555553,78.01435111111111
529,0.18,0.08,31.66,44.32,993.72,32992,27.233595555555553,78.0143811111111
530,0.01,0.07,33.39,42.53,993.72,25455,27.233615555555552,78.0141111111111
531,0.14,0.05,34.27,35.76,993.72,39667,27.233615555555552,78.0141411111111
532,0.09,0.03,33.8,33.17,993.72,27224,27.233615555555552,78.01417111111111
533,0.14,0.04,33.5,37.74,993.72,11431,27.233615555555552,78.0142011111111
534,0.16,0.06,32.98,39.09,993.72,30348,27.233615555555552,78.0142311111111
535,0.11,0.02,33.36,31.05,993.72,20617,27.233615555555552,78.01426111111111
536,0.08,0.04,34.22,41.17,993.72,15180,27.233615555555552,78.0142911111111
537,0.14,0.05,33.09,39.34,993.72,10625,27.233615555555552,78.0143211111111
538,0.13,0.05,32.39,34.62,993.72,36998,27.233615555555552,78.01435111111111
539,0.0,0.09,34.24,27.47,993.72,31909,27.233615555555552,78.0143811111111
540,0.19,0.01,33.41,27.53,993.72,38751,27.233635555555555,78.0141111111111
541,0.18,0.1,33.33,27.35,993.72,22100,27.233635555555555,78.0141411111111
542,0.05,0.09,34.0,38.29,993.72,33814,27.233635555555555,78.01417111111111
543,0.09,0.06,34.22,41.65,993.72,35941,27.233635555555555,78.0142011111111
544,0.04,0.02,32.47,37.17,993.72,29160,27.233635555555555,78.0142311111111
545,0.13,0.05,32.2,44.31,993.72,16669,27.233635555555555,78.01426111111111
546,0.15,0.09,32.49,42.33,993.72,26020,27.233635555555555,78.0142911111111
547,0.03,0.0,33.92,41.05,993.72,21434,27.233635555555555,78.0143211111111
548,0.15,0.08,31.55,34.46,993.72,7751,27.233635555555555,78.01435111111111
549,0.18,0.05,34.42,39.37,993.72,16184,27.233635555555555,78.0143811111111
550,0.08,0.06,33.09,37.5,993.72,14355,27.233655555555554,78.0141111111111
551,0.11,0.06,32.89,36.73,993.72,25875,27.233655555555554,78.0141411111111
552,0.16,0.05,32.81,39.46,993.72,38895,27.233655555555554,78.01417111111111
553,0.1,0.04,31.54,42.59,993.72,13513,27.233655555555554,78.0142011111111
554,0.17,0.09,32.51,32.04,993.72,36682,27.233655555555554,78.0142311111111
555,0.15,0.07,32.88,28.64,993.72,23106,27.233655555555554,78.01426111111111
556,0.1,0.01,33.09,33.35,993.72,31237,27.233655555555554,78.0142911111111
557,0.16,0.06,33.63,40.18,993.72,42961,27.233655555555554,78.0143211111111
558,0.14,0.05,32.74,27.1,993.72,37037,27.233655555555554,78.01435111111111
559,0.15,0.03,33.14,43.95,993.72,15788,27.233655555555554,78.0143811111111
560,0.11,0.01,34.0,28.37,993.72,18539,27.233675555555553,78.0141111111111
561,0.02,0.08,34.3,31.82,993.72,6106,27.233675555555553,78.0141411111111
562,0.13,0.04,32.45,40.97,993.72,13962,27.233675555555553,78.01417111111111
563,0.0,0.03,33.76,38.3,993.72,40189,27.233675555555553,78.0142011111111
564,0.18,0.07,32.25,28.66,993.72,20496,27.233675555555553,78.0142311111111
565,0.14,0.01,33.9,40.88,993.72,32741,27.233675555555553,78.01426111111111
566,0.1,0.04,32.44,31.54,993.72,7478,27.233675555555553,78.0142911111111
567,0.12,0.05,32.77,29.6,993.72,8343,27.233675555555553,78.0143211111111
568,0.15,0.1,31.83,27.78,993.72,39816,27.233675555555553,78.01435111111111
569,0.1,0.08,33.99,27.72,993.72,31007,27.233675555555553,78.0143811111111
570,0.12,0.07,32.23,43.29,993.72,20822,27.233695555555553,78.0141111111111
571,0.13,0.07,32.77,36.37,993.72,38157,27.233695555555553,78.0141411111111
572,0.09,0.02,33.0,33.59,993.72,10824,27.233695555555553,78.01417111111111
573,0.15,0.0,33.29,38.5,993.72,6187,27.233695555555553,78.0142011111111
574,0.06,0.08,32.5,41.34,993.72,9355,27.233695555555553,78.0142311111111
575,0.14,0.07,31.84,34.32,993.72,8782,27.233695555555553,78.01426111111111
576,0.04,0.06,32.79,31.88,993.72,30781,27.233695555555553,78.0142911111111
577,0.13,0.09,33.9,30.14,993.72,23409,27.233695555555553,78.0143211111111
578,0.02,0.01,32.14,28.98,993.72,31694,27.233695555555553,78.01435111111111
579,0.16,0.08,31.53,29.72,993.72,22982,27.233695555555553,78.0143811111111
580,0.18,0.02,31.7,43.16,993.72,28762,27.233715555555552,78.0141111111111
581,0.11,0.05,31.85,33.16,993.72,33101,27.233715555555552,78.0141411111111
582,0.16,0.01,32.63,35.65,993.72,15948,27.233715555555552,78.01417111111111
583,0.13,0.07,33.14,41.46,993.72,21131,27.233715555555552,78.0142011111111
584,0.16,0.03,32.67,28.43,993.72,9628,27.233715555555552,78.0142311111111
585,0.19,0.03,31.98,40.94,993.72,40374,27.233715555555552,78.01426111111111
586,0.04,0.02,32.11,37.5,993.72,29999,27.233715555555552,78.0142911111111
587,0.07,0.07,33.4,32.11,993.72,13457,27.233715555555552,78.0143211111111
588,0.08,0.01,31.75,27.47,993.72,21353,27.233715555555552,78.01435111111111
589,0.2,0.04,32.84,42.0,993.72,15683,27.233715555555552,78.0143811111111
590,0.05,0.05,32.91,31.56,993.72,13513,27.233735555555555,78.0141111111111
591,0.06,0.03,34.12,30.25,993.72,11997,27.233735555555555,78.0141411111111
592,0.09,0.04,32.96,33.46,993.72,9584,27.233735555555555,78.01417111111111
593,0.19,0.0,32.02,42.56,993.72,26876,27.233735555555555,78.0142011111111
594,0.02,0.05,34.22,33.78,993.72,29271,27.233735555555555,78.0142311111111
595,0.04,0.01,32.96,30.71,993.72,23900,27.233735555555555,78.01426111111111
596,0.14,0.06,32.95,34.48,993.72,25963,27.233735555555555,78.0142911111111
597,0.09,0.09,32.63,29.52,993.72,8375,27.233735555555555,78.0143211111111
598,0.17,0.02,33.85,37.1,993.72,40700,27.233735555555555,78.01435111111111
599,0.2,0.04,33.01,40.12,993.72,40100,27.233735555555555,78.0143811111111
600,0.12,0.01,33.62,34.17,993.72,11113,27.233755555555554,78.0141111111111
601,0.17,0.03,31.65,28.81,993.72,24246,27.233755555555554,78.0141411111111
602,0.02,0.01,33.27,31.48,993.72,18640,27.233755555555554,78.01417111111111
603,0.13,0.1,32.66,39.11,993.72,33274,27.233755555555554,78.0142011111111
604,0.18,0.07,32.02,44.2,993.72,10556,27.233755555555554,78.0142311111111
605,0.04,0.08,31.74,37.64,993.72,39820,27.233755555555554,78.01426111111111
606,0.2,0.02,33.05,37.26,993.72,42919,27.233755555555554,78.0142911111111
607,0.15,0.05,33.64,32.19,993.72,24393,27.233755555555554,78.0143211111111
608,0.01,0.06,33.47,32.09,993.72,34021,27.233755555555554,78.01435111111111
609,0.14,0.01,32.62,39.82,993.72,19156,27.233755555555554,78.0143811111111
610,0.06,0.04,31.53,35.2,993.72,15964,27.233775555555553,78.0141111111111
611,0.11,0.02,34.22,44.72,993.72,32591,27.233775555555553,78.0141411111111
612,0.11,0.01,34.47,38.18,993.72,35963,27.233775555555553,78.01417111111111
613,0.05,0.1,32.0,38.16,993.72,9061,27.233775555555553,78.0142011111111
614,0.17,0.07,33.88,42.21,993.72,29938,27.233775555555553,78.0142311111111
615,0.12,0.05,32.78,44.87,993.72,20406,27.233775555555553,78.01426111111111
616,0.07,0.02,32.22,37.95,993.72,38159,27.233775555555553,78.0142911111111
617,0.08,0.05,32.64,43.43,993.72,23381,27.233775555555553,78.0143211111111
618,0.18,0.02,33.87,42.09,993.72,20697,27.233775555555553,78.01435111111111
619,0.03,0.03,34.43,44.59,993.72,26652,27.233775555555553,78.0143811111111
620,0.07,0.08,33.39,43.62,993.72,35448,27.233795555555552,78.0141111111111
621,0.12,0.09,33.11,42.91,993.72,9368,27.233795555555552,78.0141411111111
622,0.02,0.09,33.73,29.86,993.72,22109,27.233795555555552,78.01417111111111
623,0.1,0.01,32.99,34.64,993.72,8043,27.233795555555552,78.0142011111111
624,0.1,0.03,33.46,40.7,993.72,18822,27.233795555555552,78.0142311111111
625,0.2,0.04,31.57,39.23,993.72,32336,27.233795555555552,78.01426111111111
626,0.04,0.08,32.19,43.96,993.72,13254,27.233795555555552,78.0142911111111
627,0.12,0.06,34.29,35.61,993.72,40633,27.233795555555552,78.0143211111111
628,0.01,0.05,33.72,27.71,993.72,16552,27.233795555555552,78.01435111111111
629,0.02,0.01,31.59,29.97,993.72,11571,27.233795555555552,78.0143811111111
630,0.13,0.07,31.81,42.85,993.72,39948,27.23381555555555,78.0141111111111
631,0.19,0.03,32.8,32.0,993.72,15435,27.23381555555555,78.0141411111111
632,0.04,0.06,31.78,35.75,993.72,32005,27.23381555555555,78.01417111111111
633,0.19,0.06,32.03,44.15,993.72,20439,27.23381555555555,78.0142011111111
634,0.12,0.01,32.41,41.44,993.72,13053,27.23381555555555,78.0142311111111
635,0.14,0.09,33.79,37.79,993.72,38588,27.23381555555555,78.01426111111111
636,0.05,0.01,33.01,41.74,993.72,19674,27.23381555555555,78.0142911111111
637,0.09,0.08,32.34,34.93,993.72,39035,27.23381555555555,78.0143211111111
638,0.11,0.1,31.64,43.56,993.72,16432,27.23381555555555,78.01435111111111
639,0.02,0.02,33.1,42.21,993.72,37639,27.23381555555555,78.0143811111111
640,0.14,0.09,31.89,36.17,993.72,37814,27.233835555555554,78.0141111111111
641,0.08,0.0,34.06,30.66,993.72,30535,27.233835555555554,78.0141411111111
642,0.11,0.04,31.99,33.1,993.72,35683,27.233835555555554,78.01417111111111
643,0.11,0.06,34.29,27.12,993.72,18097,27.233835555555554,78.0142011111111
644,0.15,0.04,31.57,30.74,993.72,42522,27.233835555555554,78.0142311111111
645,0.08,0.04,32.69,33.37,993.72,6639,27.233835555555554,78.01426111111111
646,0.13,0.03,33.17,42.85,993.72,35503,27.233835555555554,78.0142911111111
647,0.13,0.06,32.07,44.86,993.72,20614,27.233835555555554,78.0143211111111
648,0.03,0.03,31.54,43.5,993.72,41745,27.233835555555554,78.01435111111111
649,0.06,0.1,32.16,34.1,993.72,40378,27.233835555555554,78.0143811111111
650,0.14,0.06,34.22,42.8,993.72,28105,27.233855555555554,78.0141111111111
651,0.19,0.06,34.09,29.31,993.72,34115,27.233855555555554,78.0141411111111
652,0.05,0.03,32.05,33.01,993.72,18644,27.233855555555554,78.01417111111111
653,0.09,0.06,32.23,39.87,993.72,42275,27.233855555555554,78.0142011111111
654,0.08,0.06,32.81,31.15,993.72,22825,27.233855555555554,78.0142311111111
655,0.05,0.02,32.26,32.8,993.72,9325,27.233855555555554,78.01426111111111
656,0.08,0.0,32.3,30.24,993.72,38805,27.233855555555554,78.0142911111111
657,0.05,0.05,33.51,44.95,993.72,12591,27.233855555555554,78.0143211111111
658,0.13,0.1,32.47,40.6,993.72,24827,27.233855555555554,78.01435111111111
659,0.1,0.1,32.01,30.2,993.72,30093,27.233855555555554,78.0143811111111
660,0.02,0.01,32.3,32.06,993.72,37676,27.233875555555553,78.0141111111111
661,0.18,0.03,33.2,31.22,993.72,11626,27.233875555555553,78.0141411111111
662,0.01,0.09,32.34,27.91,993.72,13656,27.233875555555553,78.01417111111111
663,0.19,0.03,34.04,42.22,993.72,9735,27.233875555555553,78.0142011111111
664,0.15,0.05,33.09,29.04,993.72,26390,27.233875555555553,78.0142311111111
665,0.11,0.09,32.03,38.32,993.72,32507,27.233875555555553,78.01426111111111
666,0.01,0.09,31.63,43.55,993.72,36750,27.233875555555553,78.0142911111111
667,0.02,0.02,33.48,33.05,993.72,31907,27.233875555555553,78.0143211111111
668,0.07,0.03,34.17,27.63,993.72,19029,27.233875555555553,78.01435111111111
669,0.12,0.08,33.34,38.18,993.72,42396,27.233875555555553,78.0143811111111
670,0.02,0.02,34.08,33.15,993.72,27380,27.233895555555552,78.0141111111111
671,0.03,0.09,33.93,29.47,993.72,14091,27.233895555555552,78.0141411111111
672,0.13,0.02,32.58,43.25,993.72,11610,27.233895555555552,78.01417111111111
673,0.14,0.08,31.76,40.52,993.72,25682,27.233895555555552,78.0142011111111
674,0.13,0.03,33.21,43.25,993.72,25036,27.233895555555552,78.0142311111111
675,0.13,0.09,34.22,38.13,993.72,7445,27.233895555555552,78.01426111111111
676,0.09,0.02,34.39,32.08,993.72,32904,27.233895555555552,78.0142911111111
677,0.2,0.06,32.67,29.97,993.72,37772,27.233895555555552,78.0143211111111
678,0.03,0.01,33.86,44.71,993.72,16669,27.233895555555552,78.01435111111111
679,0.05,0.01,33.4,43.06,993.72,30082,27.233895555555552,78.0143811111111
680,0.02,0.08,34.26,40.82,993.72,29532,27.23391555555555,78.0141111111111
681,0.02,0.04,32.42,40.88,993.72,18989,27.23391555555555,78.0141411111111
682,0.19,0.07,33.34,42.57,993.72,22160,27.23391555555555,78.01417111111111
683,0.05,0.0,33.08,41.59,993.72,32369,27.23391555555555,78.0142011111111
684,0.0,0.01,33.95,27.23,993.72,19831,27.23391555555555,78.0142311111111
685,0.01,0.01,33.02,27.9,993.72,29099,27.23391555555555,78.01426111111111
686,0.17,0.0,34.46,31.05,993.72,38033,27.23391555555555,78.0142911111111
687,0.06,0.09,34.22,38.97,993.72,14539,27.23391555555555,78.0143211111111
688,0.07,0.0,32.67,27.83,993.72,31804,27.23391555555555,78.01435111111111
689,0.15,0.09,34.24,38.97,993.72,35243,27.23391555555555,78.0143811111111
690,0.03,0.06,32.28,27.74,993.72,35661,27.233935555555554,78.0141111111111
691,0.15,0.09,33.36,35.44,993.72,7203,27.233935555555554,78.0141411111111
692,0.06,0.04,33.8,33.4,993.72,18713,27.233935555555554,78.01417111111111
693,0.15,0.02,34.08,37.62,993.72,8124,27.233935555555554,78.0142011111111
694,0.14,0.03,32.25,38.21,993.72,22397,27.233935555555554,78.0142311111111
695,0.08,0.09,33.68,43.67,993.72,16924,27.233935555555554,78.01426111111111
696,0.12,0.07,32.82,42.42,993.72,24766,27.233935555555554,78.0142911111111
697,0.06,0.03,32.3,42.94,993.72,15737,27.233935555555554,78.0143211111111
698,0.18,0.06,33.68,41.03,993.72,41120,27.233935555555554,78.01435111111111
699,0.07,0.01,32.84,35.88,993.72,20758,27.233935555555554,78.0143811111111
700,0.08,0.08,31.65,41.38,993.72,22407,27.233955555555553,78.0141111111111
701,0.17,0.1,32.61,31.72,993.72,25705,27.233955555555553,78.0141411111111
702,0.0,0.02,33.76,31.93,993.72,29223,27.233955555555553,78.01417111111111
703,0.11,0.1,32.39,33.78,993.72,29777,27.233955555555553,78.0142011111111
704,0.18,0.06,32.3,44.4,993.72,30192,27.233955555555553,78.0142311111111
705,0.04,0.05,32.92,37.87,993.72,18020,27.233955555555553,78.01426111111111
706,0.04,0.08,31.63,34.98,993.72,10002,27.233955555555553,78.0142911111111
707,0.05,0.02,32.25,30.22,993.72,27643,27.233955555555553,78.0143211111111
708,0.01,0.05,33.31,42.76,993.72,9233,27.233955555555553,78.01435111111111
709,0.13,0.1,33.49,29.63,993.72,35837,27.233955555555553,78.0143811111111
710,0.15,0.1,33.87,31.32,993.72,11531,27.233975555555553,78.0141111111111
711,0.03,0.0,31.63,43.22,993.72,37866,27.233975555555553,78.0141411111111
712,0.16,0.04,33.5,27.01,993.72,34484,27.233975555555553,78.01417111111111
713,0.06,0.04,32.46,36.42,993.72,23150,27.233975555555553,78.0142011111111
714,0.11,0.1,33.94,29.19,993.72,27091,27.233975555555553,78.0142311111111
715,0.03,0.03,33.45,42.44,993.72,38987,27.233975555555553,78.01426111111111
716,0.11,0.0,32.36,29.07,993.72,14747,27.233975555555553,78.0142911111111
717,0.05,0.09,31.86,33.93,993.72,24526,27.233975555555553,78.0143211111111
718,0.01,0.05,34.15,39.52,993.72,8795,27.233975555555553,78.01435111111111
719,0.09,0.08,33.73,32.93,993.72,42464,27.233975555555553,78.0143811111111
720,0.14,0.09,31.86,36.62,993.72,28959,27.233995555555552,78.0141111111111
721,0.18,0.06,34.4,28.89,993.72,17773,27.233995555555552,78.0141411111111
722,0.03,0.03,33.54,28.54,993.72,22937,27.233995555555552,78.01417111111111
723,0.18,0.03,34.17,44.17,993.72,30100,27.233995555555552,78.0142011111111
724,0.08,0.03,31.78,44.83,993.72,26444,27.233995555555552,78.0142311111111
725,0.05,0.03,32.28,36.41,993.72,11443,27.233995555555552,78.01426111111111
726,0.1,0.05,32.6,36.81,993.72,6954,27.233995555555552,78.0142911111111
727,0.04,0.09,33.71,39.11,993.72,17196,27.233995555555552,78.0143211111111
728,0.18,0.0,32.52,32.32,993.72,18967,27.233995555555552,78.01435111111111
729,0.19,0.08,32.14,41.07,993.72,24094,27.233995555555552,78.0143811111111
730,0.16,0.05,31.94,43.95,993.72,39538,27.234015555555555,78.0141111111111
731,0.03,0.04,33.31,37.6,993.72,9067,27.234015555555555,78.0141411111111
732,0.13,0.05,33.13,40.99,993.72,25783,27.234015555555555,78.01417111111111
733,0.09,0.07,34.23,27.94,993.72,10918,27.234015555555555,78.0142011111111
734,0.15,0.06,33.63,33.05,993.72,20068,27.234015555555555,78.0142311111111
735,0.03,0.03,32.24,40.78,993.72,12711,27.234015555555555,78.01426111111111
736,0.15,0.04,33.39,33.41,993.72,13309,27.234015555555555,78.0142911111111
737,0.19,0.0,32.65,32.92,993.72,12312,27.234015555555555,78.0143211111111
738,0.19,0.04,34.47,43.51,993.72,23243,27.234015555555555,78.01435111111111
739,0.13,0.04,32.66,27.47,993.72,39286,27.234015555555555,78.0143811111111
740,0.1,0.08,31.61,27.47,993.72,13122,27.234035555555554,78.0141111111111
741,0.01,0.04,33.12,42.96,993.72,35331,27.234035555555554,78.0141411111111
742,0.03,0.05,33.08,41.82,993.72,11211,27.234035555555554,78.01417111111111
743,0.06,0.01,32.97,44.46,993.72,16047,27.234035555555554,78.0142011111111
744,0.2,0.01,32.99,38.32,993.72,15374,27.234035555555554,78.0142311111111
745,0.05,0.02,33.41,40.97,993.72,17333,27.234035555555554,78.01426111111111
746,0.15,0.1,31.82,28.3,993.72,35716,27.234035555555554,78.0142911111111
747,0.16,0.06,34.22,42.64,993.72,33377,27.234035555555554,78.0143211111111
748,0.06,0.07,33.9,37.15,993.72,17934,27.234035555555554,78.01435111111111
749,0.19,0.02,31.92,31.6,993.72,16957,27.234035555555554,78.0143811111111
750,0.06,0.03,34.43,34.14,993.72,29699,27.234055555555553,78.0141111111111
751,0.13,0.01,31.99,29.32,993.72,18331,27.234055555555553,78.0141411111111
752,0.04,0.04,31.79,27.16,993.72,8879,27.234055555555553,78.01417111111111
753,0.02,0.02,33.68,42.66,993.72,26519,27.234055555555553,78.0142011111111
754,0.05,0.04,34.36,39.42,993.72,31805,27.234055555555553,78.0142311111111
755,0.03,0.04,31.9,40.74,993.72,6775,27.234055555555553,78.01426111111111
756,0.05,0.07,34.1,39.41,993.72,34764,27.234055555555553,78.0142911111111
757,0.12,0.02,32.6,34.87,993.72,25513,27.234055555555553,78.0143211111111
758,0.08,0.05,34.29,36.58,993.72,22357,27.234055555555553,78.01435111111111
759,0.13,0.02,31.97,32.66,993.72,33451,27.234055555555553,78.0143811111111
760,0.2,0.06,32.67,29.28,993.72,15668,27.234075555555552,78.0141111111111
761,0.13,0.03,32.97,35.13,993.72,25590,27.234075555555552,78.0141411111111
762,0.08,0.09,33.02,31.07,993.72,20886,27.234075555555552,78.01417111111111
763,0.03,0.02,33.58,37.64,993.72,41246,27.234075555555552,78.0142011111111
764,0.19,0.04,34.0,28.47,993.72,19918,27.234075555555552,78.0142311111111
765,0.05,0.0,34.27,42.8,993.72,18519,27.234075555555552,78.01426111111111
766,0.13,0.09,34.15,44.54,993.72,17083,27.234075555555552,78.0142911111111
767,0.2,0.09,33.31,36.49,993.72,41661,27.234075555555552,78.0143211111111
768,0.18,0.01,31.91,38.79,993.72,26148,27.234075555555552,78.01435111111111
769,0.04,0.1,32.41,32.99,993.72,25666,27.234075555555552,78.0143811111111
770,0.06,0.03,32.7,28.77,993.72,23945,27.23409555555555,78.0141111111111
771,0.05,0.04,34.43,40.5,993.72,34772,27.23409555555555,78.0141411111111
772,0.11,0.02,33.26,41.59,993.72,17312,27.23409555555555,78.01417111111111
773,0.1,0.1,31.56,27.53,993.72,38119,27.23409555555555,78.0142011111111
774,0.18,0.09,32.37,29.08,993.72,20691,27.23409555555555,78.0142311111111
775,0.09,0.09,33.78,30.88,993.72,16194,27.23409555555555,78.01426111111111
776,0.01,0.01,32.05,35.81,993.72,8351,27.23409555555555,78.0142911111111
777,0.01,0.02,33.15,27.7,993.72,12424,27.23409555555555,78.0143211111111
778,0.16,0.02,31.74,38.92,993.72,26475,27.23409555555555,78.01435111111111
779,0.12,0.06,33.18,44.72,993.72,26418,27.23409555555555,78.0143811111111
780,0.18,0.08,32.85,40.09,993.72,39413,27.234115555555555,78.0141111111111
781,0.06,0.1,32.59,30.94,993.72,12908,27.234115555555555,78.0141411111111
782,0.13,0.08,32.74,34.22,993.72,14758,27.234115555555555,78.01417111111111
783,0.06,0.06,31.51,40.04,993.72,22090,27.234115555555555,78.0142011111111
784,0.14,0.04,33.32,30.04,993.72,27440,27.234115555555555,78.0142311111111
785,0.19,0.06,32.72,30.5,993.72,8559,27.234115555555555,78.01426111111111
786,0.2,0.04,31.69,43.68,993.72,6542,27.234115555555555,78.0142911111111
787,0.12,0.1,33.94,27.33,993.72,10387,27.234115555555555,78.0143211111111
788,0.1,0.08,33.5,43.87,993.72,40775,27.234115555555555,78.01435111111111
789,0.06,0.04,32.67,27.8,993.72,7923,27.234115555555555,78.0143811111111
790,0.11,0.04,33.46,27.08,993.72,24484,27.234135555555554,78.0141111111111
791,0.01,0.07,33.5,27.36,993.72,22073,27.234135555555554,78.0141411111111
792,0.02,0.05,34.3,32.05,993.72,31732,27.234135555555554,78.01417111111111
793,0.08,0.06,34.17,27.32,993.72,37497,27.234135555555554,78.0142011111111
794,0.13,0.04,32.75,33.94,993.72,22511,27.234135555555554,78.0142311111111
795,0.18,0.02,31.7,38.1,993.72,13903,27.234135555555554,78.01426111111111
796,0.19,0.1,31.74,32.05,993.72,25878,27.234135555555554,78.0142911111111
797,0.05,0.07,33.33,35.35,993.72,37699,27.234135555555554,78.0143211111111
798,0.08,0.07,33.22,30.8,993.72,7098,27.234135555555554,78.01435111111111
799,0.2,0.04,32.18,40.91,993.72,31516,27.234135555555554,78.0143811111111
800,0.04,0.09,31.61,40.46,993.72,20232,27.234155555555553,78.0141111111111
801,0.14,0.1,34.34,27.97,993.72,39679,27.234155555555553,78.0141411111111
802,0.12,0.03,34.33,38.02,993.72,7202,27.234155555555553,78.01417111111111
803,0.13,0.02,33.34,42.96,993.72,40364,27.234155555555553,78.0142011111111
804,0.19,0.05,31.69,32.63,993.72,34997,27.234155555555553,78.0142311111111
805,0.16,0.05,33.3,43.13,993.72,21536,27.234155555555553,78.01426111111111
806,0.16,0.06,32.28,39.88,993.72,11862,27.234155555555553,78.0142911111111
807,0.02,0.02,31.99,29.08,993.72,18390,27.234155555555553,78.0143211111111
808,0.18,0.06,32.48,40.36,993.72,21587,27.234155555555553,78.01435111111111
809,0.12,0.07,33.21,27.99,993.72,17686,27.234155555555553,78.0143811111111
810,0.07,0.02,33.75,39.97,993.72,6258,27.234175555555552,78.0141111111111
811,0.01,0.08,33.28,38.5,993.72,27606,27.234175555555552,78.0141411111111
812,0.03,0.09,31.55,29.76,993.72,41914,27.234175555555552,78.01417111111111
813,0.07,0.06,33.3,42.45,993.72,38856,27.234175555555552,78.0142011111111
814,0.07,0.03,33.94,32.55,993.72,14893,27.234175555555552,78.0142311111111
815,0.05,0.05,34.27,42.23,993.72,17771,27.234175555555552,78.01426111111111
816,0.14,0.0,33.05,30.98,993.72,14419,27.234175555555552,78.0142911111111
817,0.02,0.09,32.53,29.31,993.72,9696,27.234175555555552,78.0143211111111
818,0.1,0.03,32.79,29.04,993.72,10087,27.234175555555552,78.01435111111111
819,0.16,0.06,34.25,28.66,993.72,26363,27.234175555555552,78.0143811111111
820,0.09,0.04,32.79,34.11,993.72,38027,27.23419555555555,78.0141111111111
821,0.1,0.03,33.28,31.57,993.72,36490,27.23419555555555,78.0141411111111
822,0.13,0.06,32.58,35.8,993.72,25449,27.23419555555555,78.01417111111111
823,0.19,0.07,31.69,42.22,993.72,27989,27.23419555555555,78.0142011111111
824,0.14,0.05,32.25,42.82,993.72,17190,27.23419555555555,78.0142311111111
825,0.03,0.08,34.42,34.73,993.72,13832,27.23419555555555,78.01426111111111
826,0.2,0.1,33.04,27.28,993.72,35684,27.23419555555555,78.0142911111111
827,0.1,0.07,32.64,44.59,993.72,7793,27.23419555555555,78.0143211111111
828,0.08,0.07,33.92,37.94,993.72,34071,27.23419555555555,78.01435111111111
829,0.15,0.04,34.09,38.01,993.72,8742,27.23419555555555,78.0143811111111
830,0.1,0.04,34.08,36.51,993.72,20398,27.234215555555554,78.0141111111111
831,0.13,0.03,33.96,34.35,993.72,18021,27.234215555555554,78.0141411111111
832,0.07,0.05,34.43,33.65,993.72,16394,27.234215555555554,78.01417111111111
833,0.13,0.04,33.04,40.7,993.72,40362,27.234215555555554,78.0142011111111
834,0.16,0.01,31.56,37.76,993.72,16482,27.234215555555554,78.0142311111111
835,0.18,0.03,31.9,34.56,993.72,15327,27.234215555555554,78.01426111111111
836,0.05,0.04,33.28,29.14,993.72,41314,27.234215555555554,78.0142911111111
837,0.2,0.09,32.32,29.58,993.72,40635,27.234215555555554,78.0143211111111
838,0.13,0.01,33.2,34.91,993.72,37340,27.234215555555554,78.01435111111111
839,0.06,0.09,33.5,44.97,993.72,38329,27.234215555555554,78.0143811111111
840,0.0,0.07,31.8,44.27,993.72,16221,27.234235555555554,78.0141111111111
841,0.09,0.05,31.93,29.83,993.72,9745,27.234235555555554,78.0141411111111
842,0.06,0.0,32.29,30.77,993.72,22171,27.234235555555554,78.01417111111111
843,0.01,0.05,32.65,31.16,993.72,25774,27.234235555555554,78.0142011111111
844,0.12,0.06,33.75,39.73,993.72,17630,27.234235555555554,78.0142311111111
845,0.01,0.06,33.11,43.07,993.72,22375,27.234235555555554,78.01426111111111
846,0.18,0.06,34.18,41.32,993.72,40848,27.234235555555554,78.0142911111111
847,0.2,0.09,31.73,32.15,993.72,22153,27.234235555555554,78.0143211111111
848,0.19,0.04,32.32,36.53,993.72,11409,27.234235555555554,78.01435111111111
849,0.0,0.04,34.23,27.55,993.72,42301,27.234235555555554,78.0143811111111
850,0.04,0.07,32.22,30.55,993.72,26449,27.234255555555553,78.0141111111111
851,0.11,0.02,32.84,38.2,993.72,38605,27.234255555555553,78.0141411111111
852,0.04,0.09,32.22,44.37,993.72,29826,27.234255555555553,78.01417111111111
853,0.2,0.05,32.91,33.51,993.72,15603,27.234255555555553,78.0142011111111
854,0.13,0.06,32.24,36.78,993.72,38929,27.234255555555553,78.0142311111111
855,0.17,0.06,33.33,37.32,993.72,37100,27.234255555555553,78.01426111111111
856,0.19,0.01,31.54,35.92,993.72,18008,27.234255555555553,78.0142911111111
857,0.13,0.09,32.17,43.25,993.72,31500,27.234255555555553,78.0143211111111
858,0.17,0.07,31.94,29.39,993.72,30219,27.234255555555553,78.01435111111111
859,0.09,0.05,34.1,33.72,993.72,42307,27.234255555555553,78.0143811111111
860,0.01,0.05,33.7,35.32,993.72,11566,27.234275555555552,78.0141111111111
861,0.08,0.02,34.17,39.96,993.72,37207,27.234275555555552,78.0141411111111
862,0.17,0.03,34.41,41.81,993.72,7254,27.234275555555552,78.01417111111111
863,0.08,0.09,32.32,32.2,993.72,15818,27.234275555555552,78.0142011111111
864,0.02,0.07,32.9,39.21,993.72,23433,27.234275555555552,78.0142311111111
865,0.02,0.03,34.44,38.01,993.72,6461,27.234275555555552,78.01426111111111
866,0.14,0.02,34.22,30.69,993.72,18215,27.234275555555552,78.0142911111111
867,0.16,0.0,31.73,39.53,993.72,7920,27.234275555555552,78.0143211111111
868,0.17,0.03,34.03,35.27,993.72,7208,27.234275555555552,78.01435111111111
869,0.04,0.07,34.04,28.58,993.72,22878,27.234275555555552,78.0143811111111
870,0.19,0.05,32.11,39.01,993.72,6622,27.234295555555555,78.0141111111111
871,0.14,0.1,32.0,37.83,993.72,24417,27.234295555555555,78.0141411111111
872,0.13,0.04,32.61,27.86,993.72,21445,27.234295555555555,78.01417111111111
873,0.12,0.09,34.44,27.25,993.72,40688,27.234295555555555,78.0142011111111
874,0.13,0.01,32.5,28.84,993.72,25891,27.234295555555555,78.0142311111111
875,0.02,0.05,34.21,41.65,993.72,26334,27.234295555555555,78.01426111111111
876,0.15,0.05,31.98,40.72,993.72,8034,27.234295555555555,78.0142911111111
877,0.11,0.06,32.6,32.42,993.72,20704,27.234295555555555,78.0143211111111
878,0.07,0.03,33.58,38.53,993.72,9466,27.234295555555555,78.01435111111111
879,0.13,0.08,33.33,41.31,993.72,17817,27.234295555555555,78.0143811111111
880,0.17,0.07,31.91,42.92,993.72,11185,27.234315555555554,78.0141111111111
881,0.17,0.03,33.92,35.65,993.72,42502,27.234315555555554,78.0141411111111
882,0.19,0.07,31.87,29.26,993.72,40135,27.234315555555554,78.01417111111111
883,0.11,0.08,32.75,33.22,993.72,22812,27.234315555555554,78.0142011111111
884,0.01,0.01,32.1,43.25,993.72,12369,27.234315555555554,78.0142311111111
885,0.01,0.02,34.44,44.79,993.72,23442,27.234315555555554,78.01426111111111
886,0.05,0.1,32.44,40.18,993.72,42639,27.234315555555554,78.0142911111111
887,0.13,0.05,31.69,36.34,993.72,22483,27.234315555555554,78.0143211111111
888,0.06,0.01,34.2,37.22,993.72,15492,27.234315555555554,78.01435111111111
889,0.13,0.01,33.49,37.93,993.72,17701,27.234315555555554,78.0143811111111
890,0.11,0.05,33.65,44.03,993.72,25240,27.234335555555553,78.0141111111111
891,0.08,0.02,34.36,37.91,993.72,6129,27.234335555555553,78.0141411111111
892,0.05,0.07,31.57,27.63,993.72,37406,27.234335555555553,78.01417111111111
893,0.07,0.02,32.64,37.64,993.72,21320,27.234335555555553,78.0142011111111
894,0.03,0.05,32.91,40.73,993.72,17570,27.234335555555553,78.0142311111111
895,0.1,0.03,33.38,40.89,993.72,17394,27.234335555555553,78.01426111111111
896,0.12,0.09,32.38,39.83,993.72,12837,27.234335555555553,78.0142911111111
897,0.08,0.01,32.13,43.67,993.72,28179,27.234335555555553,78.0143211111111
898,0.04,0.05,32.19,34.33,993.72,42584,27.234335555555553,78.01435111111111
899,0.11,0.0,32.92,36.33,993.72,17608,27.234335555555553,78.0143811111111
900,0.07,0.04,34.41,43.5,993.72,12844,27.234355555555553,78.0141111111111
901,0.03,0.05,31.77,34.73,993.72,14677,27.234355555555553,78.0141411111111
902,0.18,0.01,32.5,43.35,993.72,13672,27.234355555555553,78.01417111111111
903,0.14,0.01,34.19,41.52,993.72,21884,27.234355555555553,78.0142011111111
904,0.08,0.01,33.88,38.02,993.72,36994,27.234355555555553,78.0142311111111
905,0.0,0.07,34.44,28.49,993.72,14534,27.234355555555553,78.01426111111111
906,0.02,0.08,33.14,29.95,993.72,33984,27.234355555555553,78.0142911111111
907,0.11,0.06,33.75,42.86,993.72,18342,27.234355555555553,78.0143211111111
908,0.14,0.05,32.83,28.91,993.72,31964,27.234355555555553,78.01435111111111
909,0.05,0.05,33.02,34.72,993.72,29989,27.234355555555553,78.0143811111111
910,0.15,0.02,33.14,27.53,993.72,15191,27.234375555555552,78.0141111111111
911,0.19,0.09,32.38,38.0,993.72,41959,27.234375555555552,78.0141411111111
912,0.02,0.09,34.03,30.31,993.72,13795,27.234375555555552,78.01417111111111
913,0.03,0.06,34.09,29.75,993.72,40767,27.234375555555552,78.0142011111111
914,0.08,0.03,32.34,44.63,993.72,24588,27.234375555555552,78.0142311111111
915,0.13,0.05,32.68,34.02,993.72,27997,27.234375555555552,78.01426111111111
916,0.17,0.0,33.85,30.76,993.72,34037,27.234375555555552,78.0142911111111
917,0.0,0.04,32.05,35.6,993.72,24949,27.234375555555552,78.0143211111111
918,0.01,0.04,31.58,42.07,993.72,16496,27.234375555555552,78.01435111111111
919,0.12,0.02,31.65,44.47,993.72,39549,27.234375555555552,78.0143811111111
920,0.2,0.05,33.58,31.61,993.72,30906,27.234395555555555,78.0141111111111
921,0.04,0.09,33.37,29.52,993.72,41955,27.234395555555555,78.0141411111111
922,0.09,0.08,31.78,36.84,993.72,28909,27.234395555555555,78.01417111111111
923,0.16,0.02,33.65,40.42,993.72,17945,27.234395555555555,78.0142011111111
924,0.1,0.06,32.76,37.15,993.72,23520,27.234395555555555,78.0142311111111
925,0.06,0.03,31.99,42.78,993.72,38310,27.234395555555555,78.01426111111111
926,0.04,0.04,31.62,39.97,993.72,40439,27.234395555555555,78.0142911111111
927,0.08,0.06,33.76,30.27,993.72,30115,27.234395555555555,78.0143211111111
928,0.14,0.1,32.17,38.33,993.72,40904,27.234395555555555,78.01435111111111
929,0.18,0.08,33.24,28.19,993.72,18256,27.234395555555555,78.0143811111111
930,0.19,0.03,32.78,28.26,993.72,29326,27.234415555555554,78.0141111111111
931,0.19,0.06,32.1,33.71,993.72,25032,27.234415555555554,78.0141411111111
932,0.09,0.09,33.41,36.9,993.72,42620,27.234415555555554,78.01417111111111
933,0.03,0.02,33.18,41.45,993.72,7225,27.234415555555554,78.0142011111111
934,0.14,0.03,34.27,34.36,993.72,41621,27.234415555555554,78.0142311111111
935,0.13,0.0,32.12,33.66,993.72,23580,27.234415555555554,78.01426111111111
936,0.12,0.03,34.06,34.43,993.72,36473,27.234415555555554,78.0142911111111
937,0.14,0.01,33.3,37.84,993.72,13688,27.234415555555554,78.0143211111111
938,0.11,0.01,31.66,29.5,993.72,7831,27.234415555555554,78.01435111111111
939,0.16,0.03,33.89,29.44,993.72,18363,27.234415555555554,78.0143811111111
940,0.14,0.04,34.4,39.65,993.72,40808,27.234435555555553,78.0141111111111
941,0.05,0.06,32.43,27.03,993.72,19984,27.234435555555553,78.0141411111111
942,0.18,0.03,32.51,32.13,993.72,32331,27.234435555555553,78.01417111111111
943,0.06,0.02,32.16,38.12,993.72,9055,27.234435555555553,78.0142011111111
944,0.12,0.05,33.74,30.49,993.72,26055,27.234435555555553,78.0142311111111
945,0.13,0.09,33.46,32.92,993.72,23270,27.234435555555553,78.01426111111111
946,0.07,0.01,32.01,41.32,993.72,6433,27.234435555555553,78.0142911111111
947,0.06,0.04,33.41,44.74,993.72,17243,27.234435555555553,78.0143211111111
948,0.01,0.05,31.73,41.89,993.72,32958,27.234435555555553,78.01435111111111
949,0.06,0.06,32.26,28.84,993.72,26185,27.234435555555553,78.0143811111111
950,0.15,0.08,33.84,30.95,993.72,14758,27.234455555555552,78.0141111111111
951,0.05,0.03,32.04,37.88,993.72,20697,27.234455555555552,78.0141411111111
952,0.14,0.06,32.24,32.27,993.72,12760,27.234455555555552,78.01417111111111
953,0.03,0.04,34.27,42.29,993.72,8459,27.234455555555552,78.0142011111111
954,0.16,0.04,33.17,28.27,993.72,10052,27.234455555555552,78.0142311111111
955,0.07,0.01,31.92,40.81,993.72,20249,27.234455555555552,78.01426111111111
956,0.2,0.09,34.48,43.03,993.72,24801,27.234455555555552,78.0142911111111
957,0.08,0.05,34.11,34.7,993.72,42648,27.234455555555552,78.0143211111111
958,0.08,0.1,32.44,29.82,993.72,16630,27.234455555555552,78.01435111111111
959,0.04,0.07,33.7,36.66,993.72,6895,27.234455555555552,78.0143811111111
960,0.01,0.05,32.43,44.38,993.72,37111,27.23447555555555,78.0141111111111
961,0.06,0.0,32.13,41.19,993.72,19168,27.23447555555555,78.0141411111111
962,0.11,0.06,32.08,36.12,993.72,25106,27.23447555555555,78.01417111111111
963,0.09,0.02,33.89,27.77,993.72,12499,27.23447555555555,78.0142011111111
964,0.17,0.04,32.81,35.79,993.72,29379,27.23447555555555,78.0142311111111
965,0.06,0.04,32.36,32.25,993.72,28425,27.23447555555555,78.01426111111111
966,0.14,0.02,34.24,33.21,993.72,40710,27.23447555555555,78.0142911111111
967,0.06,0.09,34.11,38.78,993.72,40184,27.23447555555555,78.0143211111111
968,0.01,0.08,31.87,43.19,993.72,24629,27.23447555555555,78.01435111111111
969,0.13,0.05,32.84,32.0,993.72,15995,27.23447555555555,78.0143811111111
970,0.09,0.03,33.59,35.79,993.72,12594,27.234495555555554,78.0141111111111
971,0.14,0.09,33.53,36.72,993.72,20480,27.234495555555554,78.0141411111111
972,0.19,0.05,33.22,42.68,993.72,6020,27.234495555555554,78.01417111111111
973,0.05,0.05,34.11,42.06,993.72,14114,27.234495555555554,78.0142011111111
974,0.12,0.05,32.94,36.32,993.72,42771,27.234495555555554,78.0142311111111
975,0.17,0.06,33.49,41.14,993.72,6319,27.234495555555554,78.01426111111111
976,0.19,0.08,32.92,31.52,993.72,32243,27.234495555555554,78.0142911111111
977,0.12,0.07,32.2,28.0,993.72,15882,27.234495555555554,78.0143211111111
978,0.05,0.07,31.56,37.94,993.72,24640,27.234495555555554,78.01435111111111
979,0.02,0.06,33.03,31.13,993.72,29696,27.234495555555554,78.0143811111111
980,0.13,0.06,33.18,30.87,993.72,37886,27.234515555555554,78.0141111111111
981,0.14,0.08,33.09,38.75,993.72,31943,27.234515555555554,78.0141411111111
982,0.13,0.02,33.08,30.65,993.72,20542,27.234515555555554,78.01417111111111
983,0.12,0.03,33.77,43.72,993.72,35428,27.234515555555554,78.0142011111111
984,0.11,0.05,31.77,28.0,993.72,33907,27.234515555555554,78.0142311111111
985,0.02,0.07,31.88,32.29,993.72,41926,27.234515555555554,78.01426111111111
986,0.03,0.06,32.72,32.05,993.72,25061,27.234515555555554,78.0142911111111
987,0.15,0.1,34.17,34.21,993.72,8763,27.234515555555554,78.0143211111111
988,0.12,0.05,32.31,30.36,993.72,14221,27.234515555555554,78.01435111111111
989,0.02,0.07,32.2,30.72,993.72,11795,27.234515555555554,78.0143811111111
990,0.19,0.06,33.34,34.79,993.72,13765,27.234535555555553,78.0141111111111
991,0.06,0.06,32.91,30.94,993.72,33304,27.234535555555553,78.0141411111111
992,0.04,0.09,31.99,32.78,993.72,10452,27.234535555555553,78.01417111111111
993,0.04,0.05,34.3,41.04,993.72,42717,27.234535555555553,78.0142011111111
994,0.14,0.08,34.22,38.4,993.72,39871,27.234535555555553,78.0142311111111
995,0.15,0.03,33.54,43.37,993.72,21393,27.234535555555553,78.01426111111111
996,0.06,0.03,34.46,29.99,993.72,30842,27.234535555555553,78.0142911111111
997,0.06,0.02,34.0,43.31,993.72,34464,27.234535555555553,78.0143211111111
998,0.1,0.09,34.07,38.93,993.72,11663,27.234535555555553,78.01435111111111
999,0.19,0.02,32.84,37.19,993.72,32062,27.234535555555553,78.0143811111111
1000,0.11,0.03,32.51,29.69,993.72,19041,27.234555555555552,78.0141111111111
1001,0.07,0.06,33.42,33.47,993.72,40371,27.234555555555552,78.0141411111111
1002,0.1,0.08,32.03,38.32,993.72,17443,27.234555555555552,78.01417111111111
1003,0.07,0.1,34.34,44.64,993.72,28226,27.234555555555552,78.0142011111111
1004,0.12,0.05,34.35,40.57,993.72,6360,27.234555555555552,78.0142311111111
1005,0.14,0.06,34.25,28.25,993.72,16130,27.234555555555552,78.01426111111111
1006,0.03,0.02,33.17,29.18,993.72,21174,27.234555555555552,78.0142911111111
1007,0.04,0.1,31.53,29.46,993.72,28856,27.234555555555552,78.0143211111111
1008,0.06,0.07,33.0,27.17,993.72,21378,27.234555555555552,78.01435111111111
1009,0.03,0.04,32.97,32.21,993.72,29927,27.234555555555552,78.0143811111111
1010,0.02,0.02,31.6,38.49,993.72,16457,27.234575555555555,78.0141111111111
1011,0.12,0.09,32.13,28.78,993.72,35507,27.234575555555555,78.0141411111111
1012,0.02,0.06,32.11,27.8,993.72,9161,27.234575555555555,78.01417111111111
1013,0.11,0.01,31.66,32.9,993.72,35513,27.234575555555555,78.0142011111111
1014,0.12,0.05,34.31,32.54,993.72,13799,27.234575555555555,78.0142311111111
1015,0.09,0.02,32.18,36.51,993.72,26086,27.234575555555555,78.01426111111111
1016,0.01,0.03,32.21,38.42,993.72,37432,27.234575555555555,78.0142911111111
1017,0.17,0.09,33.84,33.46,993.72,12780,27.234575555555555,78.0143211111111
1018,0.0,0.05,31.95,32.2,993.72,20307,27.234575555555555,78.01435111111111
1019,0.15,0.09,32.48,36.89,993.72,28511,27.234575555555555,78.0143811111111
1020,0.14,0.01,33.59,31.99,993.72,10568,27.234595555555554,78.0141111111111
1021,0.04,0.02,32.45,36.42,993.72,38561,27.234595555555554,78.0141411111111
1022,0.08,0.09,32.79,36.18,993.72,22394,27.234595555555554,78.01417111111111
1023,0.11,0.05,31.54,43.25,993.72,15457,27.234595555555554,78.0142011111111
1024,0.02,0.0,32.13,44.47,993.72,6274,27.234595555555554,78.0142311111111
1025,0.15,0.06,31.56,28.91,993.72,14987,27.234595555555554,78.01426111111111
1026,0.13,0.07,31.77,37.73,993.72,11834,27.234595555555554,78.0142911111111
1027,0.04,0.09,32.11,36.3,993.72,22349,27.234595555555554,78.0143211111111
1028,0.05,0.09,33.58,29.86,993.72,24986,27.234595555555554,78.01435111111111
1029,0.02,0.04,33.21,38.73,993.72,14951,27.234595555555554,78.0143811111111
1030,0.18,0.08,32.68,29.13,993.72,39801,27.234615555555553,78.0141111111111
1031,0.0,0.07,33.8,37.87,993.72,18020,27.234615555555553,78.0141411111111
1032,0.15,0.1,32.78,31.6,993.72,41773,27.234615555555553,78.01417111111111
1033,0.11,0.02,32.73,28.64,993.72,29314,27.234615555555553,78.0142011111111
1034,0.14,0.08,34.44,42.28,993.72,31214,27.234615555555553,78.0142311111111
1035,0.11,0.05,32.77,39.22,993.72,31183,27.234615555555553,78.01426111111111
1036,0.04,0.09,32.95,36.92,993.72,6560,27.234615555555553,78.0142911111111
1037,0.12,0.02,33.33,41.39,993.72,31496,27.234615555555553,78.0143211111111
1038,0.06,0.08,34.06,27.62,993.72,30901,27.234615555555553,78.01435111111111
1039,0.15,0.08,33.3,44.07,993.72,38441,27.234615555555553,78.0143811111111
1040,0.12,0.03,32.73,39.81,993.72,40450,27.234635555555553,78.0141111111111
1041,0.1,0.09,32.98,32.71,993.72,12244,27.234635555555553,78.0141411111111
1042,0.13,0.05,32.03,28.15,993.72,23556,27.234635555555553,78.01417111111111
1043,0.18,0.05,32.2,39.37,993.72,38131,27.234635555555553,78.0142011111111
1044,0.09,0.05,33.08,32.36,993.72,30350,27.234635555555553,78.0142311111111
1045,0.1,0.03,33.4,35.44,993.72,31757,27.234635555555553,78.01426111111111
1046,0.02,0.0,31.98,33.58,993.72,9619,27.234635555555553,78.0142911111111
1047,0.12,0.04,31.94,37.33,993.72,40098,27.234635555555553,78.0143211111111
1048,0.08,0.03,31.91,39.26,993.72,29143,27.234635555555553,78.01435111111111
1049,0.14,0.05,34.49,30.54,993.72,39300,27.234635555555553,78.0143811111111
1050,0.0,0.09,33.57,28.02,993.72,37130,27.234655555555552,78.0141111111111
1051,0.17,0.04,31.81,40.5,993.72,36849,27.234655555555552,78.0141411111111
1052,0.06,0.06,33.52,30.73,993.72,10480,27.234655555555552,78.01417111111111
1053,0.04,0.01,33.0,40.69,993.72,19657,27.234655555555552,78.0142011111111
1054,0.02,0.03,34.26,34.63,993.72,25105,27.234655555555552,78.0142311111111
1055,0.02,0.01,32.92,34.31,993.72,40752,27.234655555555552,78.01426111111111
1056,0.13,0.06,34.39,39.36,993.72,34320,27.234655555555552,78.0142911111111
1057,0.09,0.02,31.89,39.26,993.72,8340,27.234655555555552,78.0143211111111
1058,0.18,0.09,33.13,35.38,993.72,34874,27.234655555555552,78.01435111111111
1059,0.2,0.05,33.86,33.33,993.72,33323,27.234655555555552,78.0143811111111
1060,0.13,0.09,32.08,42.38,993.72,29564,27.234675555555555,78.0141111111111
1061,0.07,0.0,32.46,38.6,993.72,17607,27.234675555555555,78.0141411111111
1062,0.16,0.01,33.64,42.64,993.72,20811,27.234675555555555,78.01417111111111
1063,0.16,0.09,31.77,28.23,993.72,36449,27.234675555555555,78.0142011111111
1064,0.04,0.03,34.01,37.42,993.72,15068,27.234675555555555,78.0142311111111
1065,0.16,0.08,33.57,42.61,993.72,33004,27.234675555555555,78.01426111111111
1066,0.18,0.05,34.36,34.2,993.72,21057,27.234675555555555,78.0142911111111
1067,0.14,0.05,33.75,39.08,993.72,37553,27.234675555555555,78.0143211111111
1068,0.03,0.09,34.24,44.82,993.72,23475,27.234675555555555,78.01435111111111
1069,0.0,0.02,33.44,41.62,993.72,19105,27.234675555555555,78.0143811111111
1070,0.19,0.08,32.48,34.84,993.72,8796,27.234695555555554,78.0141111111111
1071,0.04,0.02,33.11,40.33,993.72,15879,27.234695555555554,78.0141411111111
1072,0.07,0.06,34.27,30.02,993.72,25278,27.234695555555554,78.01417111111111
1073,0.09,0.1,33.91,34.62,993.72,37986,27.234695555555554,78.0142011111111
1074,0.14,0.01,32.22,34.03,993.72,38647,27.234695555555554,78.0142311111111
1075,0.05,0.08,32.06,39.61,993.72,40139,27.234695555555554,78.01426111111111
1076,0.14,0.09,32.87,28.42,993.72,6302,27.234695555555554,78.0142911111111
1077,0.03,0.01,32.72,42.38,993.72,25835,27.234695555555554,78.0143211111111
1078,0.1,0.07,32.05,31.9,993.72,9936,27.234695555555554,78.01435111111111
1079,0.17,0.03,33.49,40.35,993.72,13322,27.234695555555554,78.0143811111111
1080,0.13,0.01,33.23,37.41,993.72,22721,27.234715555555553,78.0141111111111
1081,0.01,0.07,32.77,28.48,993.72,7805,27.234715555555553,78.0141411111111
1082,0.12,0.05,31.57,39.74,993.72,26436,27.234715555555553,78.01417111111111
1083,0.18,0.05,33.19,40.67,993.72,21204,27.234715555555553,78.0142011111111
1084,0.11,0.04,34.04,29.5,993.72,29321,27.234715555555553,78.0142311111111
1085,0.19,0.09,32.67,37.0,993.72,17846,27.234715555555553,78.01426111111111
1086,0.19,0.0,32.86,44.93,993.72,40175,27.234715555555553,78.0142911111111
1087,0.08,0.03,33.8,41.49,993.72,40625,27.234715555555553,78.0143211111111
1088,0.12,0.04,33.79,40.41,993.72,30814,27.234715555555553,78.01435111111111
1089,0.04,0.1,33.8,42.52,993.72,41358,27.234715555555553,78.0143811111111
1090,0.1,0.01,32.81,39.65,993.72,9294,27.234735555555552,78.0141111111111
1091,0.18,0.07,32.97,39.6,993.72,13949,27.234735555555552,78.0141411111111
1092,0.06,0.08,33.25,27.11,993.72,27203,27.234735555555552,78.01417111111111
1093,0.02,0.03,33.71,35.25,993.72,25257,27.234735555555552,78.0142011111111
1094,0.2,0.0,32.58,35.82,993.72,8479,27.234735555555552,78.0142311111111
1095,0.19,0.02,34.49,27.93,993.72,14464,27.234735555555552,78.01426111111111
1096,0.05,0.05,32.92,38.37,993.72,29413,27.234735555555552,78.0142911111111
1097,0.03,0.09,33.2,31.38,993.72,13353,27.234735555555552,78.0143211111111
1098,0.13,0.04,33.67,34.11,993.72,9013,27.234735555555552,78.01435111111111
1099,0.04,0.04,32.26,33.77,993.72,27587,27.234735555555552,78.0143811111111
1100,0.04,0.07,33.07,40.99,993.72,17310,27.23475555555555,78.0141111111111
1101,0.01,0.03,34.1,36.45,993.72,34939,27.23475555555555,78.0141411111111
1102,0.1,0.01,31.68,27.17,993.72,18855,27.23475555555555,78.01417111111111
1103,0.14,0.06,32.72,27.35,993.72,14046,27.23475555555555,78.0142011111111
1104,0.18,0.06,32.64,38.19,993.72,7062,27.23475555555555,78.0142311111111
1105,0.01,0.01,32.75,39.13,993.72,31530,27.23475555555555,78.01426111111111
1106,0.05,0.03,34.15,32.16,993.72,42286,27.23475555555555,78.0142911111111
1107,0.01,0.05,31.86,41.62,993.72,14940,27.23475555555555,78.0143211111111
1108,0.08,0.09,32.88,30.11,993.72,32011,27.23475555555555,78.01435111111111
1109,0.18,0.03,33.01,44.55,993.72,33172,27.23475555555555,78.0143811111111
1110,0.12,0.08,32.45,45.0,993.72,42692,27.234775555555554,78.0141111111111
1111,0.01,0.07,34.13,28.5,993.72,26560,27.234775555555554,78.0141411111111
1112,0.15,0.07,33.58,27.26,993.72,11408,27.234775555555554,78.01417111111111
1113,0.19,0.09,33.28,32.45,993.72,16169,27.234775555555554,78.0142011111111
1114,0.07,0.09,32.04,41.52,993.72,38941,27.234775555555554,78.0142311111111
1115,0.17,0.06,32.68,29.28,993.72,16598,27.234775555555554,78.01426111111111
1116,0.15,0.03,32.59,44.52,993.72,9945,27.234775555555554,78.0142911111111
1117,0.07,0.02,33.33,38.2,993.72,21321,27.234775555555554,78.0143211111111
1118,0.11,0.06,33.51,43.08,993.72,33615,27.234775555555554,78.01435111111111
1119,0.17,0.05,34.22,39.29,993.72,30066,27.234775555555554,78.0143811111111
1120,0.04,0.08,32.37,39.9,993.72,7764,27.234795555555554,78.0141111111111
1121,0.19,0.06,32.56,29.1,993.72,23084,27.234795555555554,78.0141411111111
1122,0.09,0.05,32.6,44.35,993.72,41246,27.234795555555554,78.01417111111111
1123,0.16,0.07,32.83,35.82,993.72,18159,27.234795555555554,78.0142011111111
1124,0.06,0.07,34.13,28.92,993.72,26244,27.234795555555554,78.0142311111111
1125,0.09,0.1,31.86,30.46,993.72,22101,27.234795555555554,78.01426111111111
1126,0.15,0.02,34.04,41.71,993.72,42096,27.234795555555554,78.0142911111111
1127,0.15,0.03,33.67,37.71,993.72,39332,27.234795555555554,78.0143211111111
1128,0.11,0.04,33.78,37.49,993.72,11830,27.234795555555554,78.01435111111111
1129,0.07,0.06,34.38,33.88,993.72,7235,27.234795555555554,78.0143811111111
1130,0.17,0.04,32.83,39.96,993.72,35423,27.234815555555553,78.0141111111111
1131,0.18,0.0,32.96,38.57,993.72,14785,27.234815555555553,78.0141411111111
1132,0.02,0.02,34.33,32.92,993.72,40561,27.234815555555553,78.01417111111111
1133,0.03,0.06,32.83,37.23,993.72,9150,27.234815555555553,78.0142011111111
1134,0.06,0.0,32.35,27.68,993.72,32213,27.234815555555553,78.0142311111111
1135,0.09,0.03,31.99,42.1,993.72,15310,27.234815555555553,78.01426111111111
1136,0.09,0.01,34.42,41.65,993.72,19769,27.234815555555553,78.0142911111111
1137,0.11,0.02,33.53,42.35,993.72,19746,27.234815555555553,78.0143211111111
1138,0.09,0.07,34.22,29.48,993.72,34735,27.234815555555553,78.01435111111111
1139,0.05,0.1,31.67,36.94,993.72,10138,27.234815555555553,78.0143811111111
1140,0.12,0.05,32.86,41.51,993.72,7597,27.234835555555552,78.0141111111111
1141,0.03,0.08,32.73,40.12,993.72,18012,27.234835555555552,78.0141411111111
1142,0.1,0.0,33.41,44.95,993.72,22584,27.234835555555552,78.01417111111111
1143,0.04,0.1,31.8,27.08,993.72,30457,27.234835555555552,78.0142011111111
1144,0.07,0.07,32.32,39.6,993.72,42856,27.234835555555552,78.0142311111111
1145,0.18,0.0,33.18,41.34,993.72,8197,27.234835555555552,78.01426111111111
1146,0.05,0.04,33.5,43.03,993.72,20124,27.234835555555552,78.0142911111111
1147,0.05,0.01,32.35,28.75,993.72,8641,27.234835555555552,78.0143211111111
1148,0.18,0.01,31.76,30.58,993.72,30729,27.234835555555552,78.01435111111111
1149,0.05,0.01,34.3,32.37,993.72,24507,27.234835555555552,78.0143811111111
1150,0.12,0.02,32.08,30.11,993.72,8641,27.234855555555555,78.0141111111111
1151,0.02,0.0,31.74,43.29,993.72,21646,27.234855555555555,78.0141411111111
1152,0.17,0.01,34.11,37.09,993.72,32413,27.234855555555555,78.01417111111111
1153,0.06,0.1,33.89,43.19,993.72,16774,27.234855555555555,78.0142011111111
1154,0.0,0.08,31.71,27.04,993.72,22885,27.234855555555555,78.0142311111111
1155,0.08,0.0,32.35,28.51,993.72,13534,27.234855555555555,78.01426111111111
1156,0.06,0.08,33.7,38.58,993.72,11795,27.234855555555555,78.0142911111111
1157,0.12,0.06,32.87,39.69,993.72,7271,27.234855555555555,78.0143211111111
1158,0.11,0.08,31.55,40.66,993.72,34969,27.234855555555555,78.01435111111111
1159,0.17,0.08,32.38,43.61,993.72,10476,27.234855555555555,78.0143811111111
1160,0.07,0.07,32.96,33.06,993.72,35792,27.234875555555554,78.0141111111111
1161,0.09,0.08,32.4,28.72,993.72,31565,27.234875555555554,78.0141411111111
1162,0.09,0.09,32.6,40.63,993.72,42252,27.234875555555554,78.01417111111111
1163,0.04,0.07,32.1,44.99,993.72,10589,27.234875555555554,78.0142011111111
1164,0.15,0.03,33.02,33.76,993.72,15001,27.234875555555554,78.0142311111111
1165,0.13,0.01,32.83,33.82,993.72,18332,27.234875555555554,78.01426111111111
1166,0.06,0.09,31.92,31.06,993.72,10096,27.234875555555554,78.0142911111111
1167,0.14,0.09,33.99,35.25,993.72,36649,27.234875555555554,78.0143211111111
1168,0.2,0.05,32.91,33.75,993.72,13488,27.234875555555554,78.01435111111111
1169,0.08,0.0,33.96,36.4,993.72,38066,27.234875555555554,78.0143811111111
1170,0.16,0.05,32.61,36.15,993.72,28863,27.234895555555553,78.0141111111111
1171,0.03,0.07,32.74,37.42,993.72,38053,27.234895555555553,78.0141411111111
1172,0.02,0.08,34.07,38.01,993.72,25963,27.234895555555553,78.01417111111111
1173,0.15,0.05,31.86,27.61,993.72,34007,27.234895555555553,78.0142011111111
1174,0.06,0.01,31.97,30.75,993.72,39154,27.234895555555553,78.0142311111111
1175,0.02,0.09,31.86,29.41,993.72,29402,27.234895555555553,78.01426111111111
1176,0.17,0.05,32.06,27.72,993.72,39092,27.234895555555553,78.0142911111111
1177,0.19,0.09,33.96,43.03,993.72,24309,27.234895555555553,78.0143211111111
1178,0.01,0.09,34.17,29.19,993.72,31576,27.234895555555553,78.01435111111111
1179,0.16,0.09,33.81,37.83,993.72,16026,27.234895555555553,78.0143811111111
1180,0.12,0.06,34.28,34.99,993.72,11941,27.234915555555553,78.0141111111111
1181,0.13,0.01,34.26,28.73,993.72,27122,27.234915555555553,78.0141411111111
1182,0.15,0.09,32.36,28.61,993.72,19103,27.234915555555553,78.01417111111111
1183,0.12,0.02,32.58,39.35,993.72,8920,27.234915555555553,78.0142011111111
1184,0.0,0.1,33.27,29.95,993.72,28893,27.234915555555553,78.0142311111111
1185,0.08,0.01,32.99,40.57,993.72,9227,27.234915555555553,78.01426111111111
1186,0.02,0.09,31.65,40.9,993.72,32574,27.234915555555553,78.0142911111111
1187,0.01,0.01,34.02,30.28,993.72,6198,27.234915555555553,78.0143211111111
1188,0.07,0.07,32.9,27.71,993.72,22910,27.234915555555553,78.01435111111111
1189,0.01,0.02,32.54,35.07,993.72,10238,27.234915555555553,78.0143811111111
1190,0.02,0.06,33.26,38.09,993.72,42720,27.234935555555552,78.0141111111111
1191,0.1,0.07,34.01,34.1,993.72,7170,27.234935555555552,78.0141411111111
1192,0.08,0.06,32.9,33.49,993.72,15273,27.234935555555552,78.01417111111111
1193,0.06,0.03,31.94,42.46,993.72,12150,27.234935555555552,78.0142011111111
1194,0.05,0.06,31.86,42.41,993.72,26141,27.234935555555552,78.0142311111111
1195,0.14,0.06,33.84,28.8,993.72,39022,27.234935555555552,78.01426111111111
1196,0.03,0.05,33.86,43.38,993.72,25986,27.234935555555552,78.0142911111111
1197,0.1,0.01,32.53,32.5,993.72,39768,27.234935555555552,78.0143211111111
1198,0.17,0.07,32.16,28.8,993.72,10634,27.234935555555552,78.01435111111111
1199,0.08,0.1,31.91,31.52,993.72,17079,27.234935555555552,78.0143811111111
1200,0.03,0.04,32.5,28.4,993.72,17581,27.234955555555555,78.0141111111111
1201,0.06,0.07,32.05,30.98,993.72,13453,27.234955555555555,78.0141411111111
1202,0.18,0.02,33.64,35.93,993.72,17203,27.234955555555555,78.01417111111111
1203,0.11,0.07,31.68,32.94,993.72,25419,27.234955555555555,78.0142011111111
1204,0.14,0.03,32.87,32.57,993.72,12835,27.234955555555555,78.0142311111111
1205,0.14,0.08,33.72,31.59,993.72,40113,27.234955555555555,78.01426111111111
1206,0.09,0.07,34.11,40.18,993.72,10900,27.234955555555555,78.0142911111111
1207,0.13,0.01,33.35,27.17,993.72,16876,27.234955555555555,78.0143211111111
1208,0.1,0.06,33.7,33.17,993.72,36513,27.234955555555555,78.01435111111111
1209,0.17,0.06,33.38,31.14,993.72,40920,27.234955555555555,78.0143811111111
1210,0.07,0.09,33.96,35.25,993.72,31458,27.234975555555554,78.0141111111111
1211,0.0,0.05,32.53,41.97,993.72,9696,27.234975555555554,78.0141411111111
1212,0.08,0.09,32.32,31.08,993.72,38230,27.234975555555554,78.01417111111111
1213,0.03,0.0,33.56,40.68,993.72,23478,27.234975555555554,78.0142011111111
1214,0.15,0.03,32.38,30.57,993.72,17033,27.234975555555554,78.0142311111111
1215,0.05,0.01,34.29,39.32,993.72,16522,27.234975555555554,78.01426111111111
1216,0.13,0.1,33.31,36.69,993.72,21701,27.234975555555554,78.0142911111111
1217,0.14,0.06,31.62,27.43,993.72,29701,27.234975555555554,78.0143211111111
1218,0.13,0.1,31.98,32.64,993.72,41552,27.234975555555554,78.01435111111111
1219,0.12,0.09,33.9,41.74,993.72,32595,27.234975555555554,78.0143811111111
1220,0.05,0.04,32.62,39.23,993.72,10903,27.234995555555553,78.0141111111111
1221,0.11,0.06,33.18,36.18,993.72,9445,27.234995555555553,78.0141411111111
1222,0.06,0.07,33.95,31.48,993.72,35058,27.234995555555553,78.01417111111111
1223,0.04,0.04,32.44,34.67,993.72,26116,27.234995555555553,78.0142011111111
1224,0.19,0.05,33.99,39.67,993.72,30534,27.234995555555553,78.0142311111111
1225,0.07,0.09,33.2,40.2,993.72,29622,27.234995555555553,78.01426111111111
1226,0.05,0.08,32.35,43.51,993.72,26300,27.234995555555553,78.0142911111111
1227,0.14,0.01,33.35,44.96,993.72,14216,27.234995555555553,78.0143211111111
1228,0.05,0.05,34.07,35.67,993.72,21476,27.234995555555553,78.01435111111111
1229,0.17,0.03,32.7,28.4,993.72,7109,27.234995555555553,78.0143811111111
1230,0.16,0.05,33.91,38.94,993.72,10127,27.235015555555552,78.0141111111111
1231,0.18,0.05,33.26,33.89,993.72,28059,27.235015555555552,78.0141411111111
1232,0.19,0.03,32.57,41.63,993.72,38069,27.235015555555552,78.01417111111111
1233,0.16,0.01,31.95,34.55,993.72,6139,27.235015555555552,78.0142011111111
1234,0.05,0.06,32.02,34.5,993.72,12062,27.235015555555552,78.0142311111111
1235,0.06,0.05,34.45,43.01,993.72,36557,27.235015555555552,78.01426111111111
1236,0.17,0.03,32.53,38.77,993.72,35083,27.235015555555552,78.0142911111111
1237,0.14,0.06,33.68,29.05,993.72,32835,27.235015555555552,78.0143211111111
1238,0.17,0.0,32.29,41.84,993.72,8725,27.235015555555552,78.01435111111111
1239,0.07,0.07,33.12,33.6,993.72,16541,27.235015555555552,78.0143811111111
1240,0.08,0.03,33.58,28.96,993.72,40848,27.23503555555555,78.0141111111111
1241,0.09,0.01,32.78,42.46,993.72,13404,27.23503555555555,78.0141411111111
1242,0.12,0.07,33.03,40.37,993.72,17183,27.23503555555555,78.01417111111111
1243,0.08,0.04,33.29,44.1,993.72,7002,27.23503555555555,78.0142011111111
1244,0.03,0.02,34.35,44.79,993.72,27530,27.23503555555555,78.0142311111111
1245,0.08,0.09,33.25,40.12,993.72,30326,27.23503555555555,78.01426111111111
1246,0.15,0.07,31.81,39.69,993.72,7347,27.23503555555555,78.0142911111111
1247,0.18,0.07,33.71,29.77,993.72,23741,27.23503555555555,78.0143211111111
1248,0.16,0.08,33.66,29.71,993.72,9039,27.23503555555555,78.01435111111111
1249,0.01,0.08,33.45,35.71,993.72,38961,27.23503555555555,78.0143811111111
1250,0.11,0.1,32.66,40.06,993.72,23798,27.235055555555554,78.0141111111111
1251,0.02,0.0,33.91,30.98,993.72,30602,27.235055555555554,78.0141411111111
1252,0.19,0.06,33.06,44.93,993.72,17804,27.235055555555554,78.01417111111111
1253,0.01,0.01,32.46,43.64,993.72,17939,27.235055555555554,78.0142011111111
1254,0.19,0.09,34.31,40.28,993.72,19452,27.235055555555554,78.0142311111111
1255,0.08,0.06,34.26,32.65,993.72,28770,27.235055555555554,78.01426111111111
1256,0.06,0.06,32.28,38.02,993.72,29067,27.235055555555554,78.0142911111111
1257,0.17,0.08,34.15,44.79,993.72,28411,27.235055555555554,78.0143211111111
1258,0.18,0.01,32.23,44.41,993.72,31470,27.235055555555554,78.01435111111111
1259,0.18,0.06,32.49,30.48,993.72,42708,27.235055555555554,78.0143811111111
1260,0.17,0.02,34.19,31.96,993.72,17486,27.235075555555554,78.0141111111111
1261,0.02,0.07,32.62,32.87,993.72,15874,27.235075555555554,78.0141411111111
1262,0.08,0.03,33.08,31.2,993.72,7369,27.235075555555554,78.01417111111111
1263,0.09,0.05,34.28,42.75,993.72,38350,27.235075555555554,78.0142011111111
1264,0.15,0.05,32.62,39.38,993.72,9689,27.235075555555554,78.0142311111111
1265,0.2,0.07,33.46,33.52,993.72,9831,27.235075555555554,78.01426111111111
1266,0.11,0.03,32.65,40.47,993.72,39732,27.235075555555554,78.0142911111111
1267,0.13,0.08,33.67,29.21,993.72,24633,27.235075555555554,78.0143211111111
1268,0.11,0.02,34.24,28.14,993.72,35555,27.235075555555554,78.01435111111111
1269,0.2,0.06,32.57,38.35,993.72,40116,27.235075555555554,78.0143811111111
1270,0.01,0.03,33.3,27.92,993.72,18356,27.235095555555553,78.0141111111111
1271,0.14,0.01,31.72,28.56,993.72,25281,27.235095555555553,78.0141411111111
1272,0.06,0.0,32.3,43.39,993.72,19837,27.235095555555553,78.01417111111111
1273,0.01,0.02,32.4,30.47,993.72,33507,27.235095555555553,78.0142011111111
1274,0.19,0.04,34.33,33.29,993.72,37617,27.235095555555553,78.0142311111111
1275,0.08,0.09,33.05,36.73,993.72,8901,27.235095555555553,78.01426111111111
1276,0.1,0.05,31.6,34.72,993.72,9919,27.235095555555553,78.0142911111111
1277,0.03,0.03,33.22,43.54,993.72,17995,27.235095555555553,78.0143211111111
1278,0.05,0.05,33.0,42.0,993.72,13653,27.235095555555553,78.01435111111111
1279,0.14,0.08,33.5,43.9,993.72,22971,27.235095555555553,78.0143811111111
1280,0.19,0.07,33.25,41.07,993.72,23994,27.235115555555552,78.0141111111111
1281,0.0,0.01,33.02,42.69,993.72,10532,27.235115555555552,78.0141411111111
1282,0.06,0.07,32.25,42.74,993.72,18498,27.235115555555552,78.01417111111111
1283,0.03,0.04,34.0,38.54,993.72,13195,27.235115555555552,78.0142011111111
1284,0.17,0.01,31.67,27.37,993.72,13985,27.235115555555552,78.0142311111111
1285,0.13,0.03,33.48,31.89,993.72,31351,27.235115555555552,78.01426111111111
1286,0.02,0.04,33.98,41.33,993.72,40799,27.235115555555552,78.0142911111111
1287,0.15,0.06,33.81,34.28,993.72,36788,27.235115555555552,78.0143211111111
1288,0.11,0.04,31.92,36.67,993.72,22417,27.235115555555552,78.01435111111111
1289,0.04,0.0,33.66,32.54,993.72,26312,27.235115555555552,78.0143811111111
1290,0.05,0.01,31.91,41.85,993.72,12246,27.23513555555555,78.0141111111111
1291,0.07,0.08,33.37,44.19,993.72,15192,27.23513555555555,78.0141411111111
1292,0.03,0.1,33.69,40.82,993.72,37056,27.23513555555555,78.01417111111111
1293,0.13,0.01,33.05,44.72,993.72,28404,27.23513555555555,78.0142011111111
1294,0.09,0.04,32.14,28.69,993.72,34036,27.23513555555555,78.0142311111111
1295,0.09,0.02,31.92,42.67,993.72,15237,27.23513555555555,78.01426111111111
1296,0.12,0.07,31.74,41.81,993.72,9818,27.23513555555555,78.0142911111111
1297,0.12,0.03,32.7,27.09,993.72,8816,27.23513555555555,78.0143211111111
1298,0.01,0.03,33.75,27.77,993.72,10933,27.23513555555555,78.01435111111111
1299,0.01,0.01,32.72,30.88,993.72,35841,27.23513555555555,78.0143811111111
1300,0.02,0.04,32.89,32.97,993.72,12685,27.235155555555554,78.0141111111111
1301,0.19,0.02,31.99,32.43,993.72,7656,27.235155555555554,78.0141411111111
1302,0.18,0.03,33.8,31.98,993.72,35116,27.235155555555554,78.01417111111111
1303,0.02,0.02,33.39,29.6,993.72,19155,27.235155555555554,78.0142011111111
1304,0.0,0.08,33.15,27.67,993.72,33039,27.235155555555554,78.0142311111111
1305,0.05,0.03,33.19,44.04,993.72,19578,27.235155555555554,78.01426111111111
1306,0.08,0.05,31.61,35.54,993.72,14042,27.235155555555554,78.0142911111111
1307,0.04,0.1,32.37,39.79,993.72,39603,27.235155555555554,78.0143211111111
1308,0.2,0.06,31.75,42.49,993.72,8606,27.235155555555554,78.01435111111111
1309,0.17,0.04,33.05,39.43,993.72,13267,27.235155555555554,78.0143811111111
1310,0.0,0.02,32.38,28.35,993.72,34691,27.235175555555553,78.0141111111111
1311,0.13,0.08,31.89,43.87,993.72,22372,27.235175555555553,78.0141411111111
1312,0.18,0.05,34.41,36.6,993.72,27156,27.235175555555553,78.01417111111111
1313,0.13,0.06,34.38,39.9,993.72,22599,27.235175555555553,78.0142011111111
1314,0.14,0.01,32.8,34.35,993.72,35675,27.235175555555553,78.0142311111111
1315,0.07,0.06,32.06,42.15,993.72,13994,27.235175555555553,78.01426111111111
1316,0.09,0.02,33.14,28.56,993.72,30480,27.235175555555553,78.0142911111111
1317,0.18,0.07,33.0,42.06,993.72,14322,27.235175555555553,78.0143211111111
1318,0.07,0.04,33.07,42.13,993.72,10019,27.235175555555553,78.01435111111111
1319,0.19,0.03,34.34,40.28,993.72,38274,27.235175555555553,78.0143811111111
1320,0.01,0.0,32.74,32.14,993.72,11136,27.235195555555553,78.0141111111111
1321,0.08,0.03,34.15,28.27,993.72,7262,27.235195555555553,78.0141411111111
1322,0.16,0.02,32.51,42.74,993.72,41371,27.235195555555553,78.01417111111111
1323,0.19,0.06,32.88,34.29,993.72,31982,27.235195555555553,78.0142011111111
1324,0.07,0.09,31.93,35.38,993.72,13957,27.235195555555553,78.0142311111111
1325,0.07,0.02,32.35,44.07,993.72,11904,27.235195555555553,78.01426111111111
1326,0.01,0.07,32.92,33.87,993.72,41516,27.235195555555553,78.0142911111111
1327,0.16,0.03,32.34,42.2,993.72,29276,27.235195555555553,78.0143211111111
1328,0.09,0.09,34.15,39.12,993.72,33674,27.235195555555553,78.01435111111111
1329,0.01,0.02,33.98,40.36,993.72,17350,27.235195555555553,78.0143811111111
1330,0.04,0.06,31.64,40.56,993.72,7052,27.235215555555552,78.0141111111111
1331,0.04,0.02,32.75,33.3,993.72,19932,27.235215555555552,78.0141411111111
1332,0.09,0.06,32.65,36.42,993.72,37479,27.235215555555552,78.01417111111111
1333,0.18,0.04,32.59,41.85,993.72,22711,27.235215555555552,78.0142011111111
1334,0.04,0.04,31.96,30.7,993.72,18582,27.235215555555552,78.0142311111111
1335,0.07,0.06,33.81,29.14,993.72,10633,27.235215555555552,78.01426111111111
1336,0.06,0.01,31.76,29.0,993.72,30329,27.235215555555552,78.0142911111111
1337,0.0,0.06,34.12,40.44,993.72,27918,27.235215555555552,78.0143211111111
1338,0.04,0.04,33.41,31.02,993.72,21229,27.235215555555552,78.01435111111111
1339,0.06,0.08,33.17,41.47,993.72,36397,27.235215555555552,78.0143811111111
1340,0.03,0.08,31.71,34.48,993.72,9548,27.235235555555555,78.0141111111111
1341,0.1,0.02,32.61,33.97,993.72,30456,27.235235555555555,78.0141411111111
1342,0.15,0.01,33.35,36.4,993.72,31992,27.235235555555555,78.01417111111111
1343,0.16,0.0,33.76,36.3,993.72,16172,27.235235555555555,78.0142011111111
1344,0.03,0.04,31.92,29.32,993.72,9757,27.235235555555555,78.0142311111111
1345,0.17,0.04,32.28,43.92,993.72,35605,27.235235555555555,78.01426111111111
1346,0.03,0.04,33.62,33.91,993.72,39680,27.235235555555555,78.0142911111111
1347,0.17,0.08,32.73,31.53,993.72,32667,27.235235555555555,78.0143211111111
1348,0.19,0.07,33.47,34.76,993.72,41784,27.235235555555555,78.01435111111111
1349,0.11,0.06,34.11,30.38,993.72,25035,27.235235555555555,78.0143811111111
1350,0.09,0.06,32.63,42.13,993.72,27979,27.235255555555554,78.0141111111111
1351,0.03,0.02,32.38,37.17,993.72,29196,27.235255555555554,78.0141411111111
1352,0.12,0.08,32.83,36.18,993.72,30197,27.235255555555554,78.01417111111111
1353,0.18,0.02,32.41,30.96,993.72,27850,27.235255555555554,78.0142011111111
1354,0.19,0.05,31.92,39.06,993.72,19389,27.235255555555554,78.0142311111111
1355,0.03,0.08,32.67,43.42,993.72,16927,27.235255555555554,78.01426111111111
1356,0.16,0.03,33.36,42.67,993.72,33902,27.235255555555554,78.0142911111111
1357,0.03,0.09,31.96,39.72,993.72,38916,27.235255555555554,78.0143211111111
1358,0.15,0.06,32.85,40.93,993.72,25132,27.235255555555554,78.01435111111111
1359,0.16,0.04,32.64,30.84,993.72,35736,27.235255555555554,78.0143811111111
1360,0.17,0.09,34.05,42.87,993.72,10024,27.235275555555553,78.0141111111111
1361,0.1,0.02,33.96,40.99,993.72,23797,27.235275555555553,78.0141411111111
1362,0.01,0.1,32.69,37.78,993.72,21632,27.235275555555553,78.01417111111111
1363,0.05,0.03,33.73,35.33,993.72,10576,27.235275555555553,78.0142011111111
1364,0.18,0.01,33.34,35.46,993.72,12070,27.235275555555553,78.0142311111111
1365,0.13,0.1,33.39,40.74,993.72,23498,27.235275555555553,78.01426111111111
1366,0.07,0.04,32.33,38.95,993.72,31775,27.235275555555553,78.0142911111111
1367,0.07,0.08,34.5,33.84,993.72,10080,27.235275555555553,78.0143211111111
1368,0.11,0.1,33.97,37.29,993.72,35990,27.235275555555553,78.01435111111111
1369,0.05,0.02,32.69,33.17,993.72,41447,27.235275555555553,78.0143811111111
1370,0.09,0.06,33.85,27.57,993.72,24856,27.235295555555552,78.0141111111111
1371,0.15,0.04,33.98,30.83,993.72,26731,27.235295555555552,78.0141411111111
1372,0.11,0.01,32.65,37.08,993.72,25899,27.235295555555552,78.01417111111111
1373,0.03,0.1,34.26,30.99,993.72,15611,27.235295555555552,78.0142011111111
1374,0.03,0.09,31.91,27.45,993.72,13759,27.235295555555552,78.0142311111111
1375,0.05,0.05,32.6,27.59,993.72,41229,27.235295555555552,78.01426111111111
1376,0.03,0.01,34.09,31.88,993.72,41397,27.235295555555552,78.0142911111111
1377,0.12,0.08,33.25,27.94,993.72,13278,27.235295555555552,78.0143211111111
1378,0.07,0.03,32.57,42.05,993.72,27036,27.235295555555552,78.01435111111111
1379,0.15,0.09,31.66,29.0,993.72,37777,27.235295555555552,78.0143811111111
1380,0.08,0.0,33.43,37.17,993.72,24506,27.23531555555555,78.0141111111111
1381,0.08,0.02,32.89,39.23,993.72,36098,27.23531555555555,78.0141411111111
1382,0.08,0.08,33.57,42.87,993.72,17900,27.23531555555555,78.01417111111111
1383,0.12,0.03,33.97,39.94,993.72,40586,27.23531555555555,78.0142011111111
1384,0.18,0.03,32.74,33.61,993.72,11085,27.23531555555555,78.0142311111111
1385,0.12,0.07,32.38,30.87,993.72,12336,27.23531555555555,78.01426111111111
1386,0.16,0.02,32.1,32.78,993.72,12489,27.23531555555555,78.0142911111111
1387,0.13,0.02,33.88,36.86,993.72,34514,27.23531555555555,78.0143211111111
1388,0.07,0.02,32.08,32.6,993.72,19757,27.23531555555555,78.01435111111111
1389,0.05,0.01,33.38,42.68,993.72,8371,27.23531555555555,78.0143811111111
1390,0.02,0.01,32.41,31.17,993.72,26481,27.235335555555555,78.0141111111111
1391,0.03,0.05,32.24,32.96,993.72,30676,27.235335555555555,78.0141411111111
1392,0.11,0.02,32.12,38.03,993.72,28426,27.235335555555555,78.01417111111111
1393,0.18,0.03,31.51,41.85,993.72,26182,27.235335555555555,78.0142011111111
1394,0.01,0.02,34.28,42.99,993.72,32437,27.235335555555555,78.0142311111111
1395,0.1,0.1,32.06,32.53,993.72,27055,27.235335555555555,78.01426111111111
1396,0.05,0.04,33.32,38.03,993.72,32742,27.235335555555555,78.0142911111111
1397,0.11,0.08,31.84,44.39,993.72,41215,27.235335555555555,78.0143211111111
1398,0.1,0.01,33.07,37.82,993.72,14518,27.235335555555555,78.01435111111111
1399,0.05,0.02,31.92,39.04,993.72,16664,27.235335555555555,78.0143811111111
1400,0.08,0.07,33.52,40.83,993.72,16997,27.235355555555554,78.0141111111111
1401,0.11,0.06,33.72,32.54,993.72,7944,27.235355555555554,78.0141411111111
1402,0.16,0.04,31.62,40.55,993.72,11610,27.235355555555554,78.01417111111111
1403,0.17,0.03,32.5,44.55,993.72,8357,27.235355555555554,78.0142011111111
1404,0.19,0.04,32.09,34.95,993.72,14907,27.235355555555554,78.0142311111111
1405,0.07,0.02,34.31,34.27,993.72,25827,27.235355555555554,78.01426111111111
1406,0.1,0.06,34.14,37.25,993.72,25903,27.235355555555554,78.0142911111111
1407,0.18,0.01,32.03,32.66,993.72,22655,27.235355555555554,78.0143211111111
1408,0.01,0.05,33.26,35.41,993.72,35768,27.235355555555554,78.01435111111111
1409,0.03,0.1,31.51,44.19,993.72,9261,27.235355555555554,78.0143811111111
1410,0.06,0.01,32.26,38.17,993.72,26069,27.235375555555553,78.0141111111111
1411,0.19,0.08,32.53,35.91,993.72,10340,27.235375555555553,78.0141411111111
1412,0.01,0.03,33.29,42.56,993.72,8146,27.235375555555553,78.01417111111111
1413,0.05,0.01,34.04,28.94,993.72,23622,27.235375555555553,78.0142011111111
1414,0.06,0.06,33.49,40.42,993.72,20781,27.235375555555553,78.0142311111111
1415,0.08,0.03,33.81,39.83,993.72,27691,27.235375555555553,78.01426111111111
1416,0.19,0.09,34.32,41.22,993.72,18005,27.235375555555553,78.0142911111111
1417,0.17,0.01,32.88,30.75,993.72,16080,27.235375555555553,78.0143211111111
1418,0.08,0.06,32.4,39.76,993.72,12877,27.235375555555553,78.01435111111111
1419,0.04,0.04,33.97,38.2,993.72,29145,27.235375555555553,78.0143811111111
1420,0.16,0.07,33.97,36.86,993.72,39444,27.235395555555552,78.0141111111111
1421,0.12,0.02,33.38,42.54,993.72,25020,27.235395555555552,78.0141411111111
1422,0.06,0.05,32.9,38.87,993.72,11893,27.235395555555552,78.01417111111111
1423,0.03,0.1,34.32,31.37,993.72,14285,27.235395555555552,78.0142011111111
1424,0.12,0.03,32.78,42.84,993.72,17840,27.235395555555552,78.0142311111111
1425,0.14,0.04,32.65,39.77,993.72,35902,27.235395555555552,78.01426111111111
1426,0.18,0.04,33.3,27.45,993.72,28153,27.235395555555552,78.0142911111111
1427,0.06,0.08,33.13,31.79,993.72,32612,27.235395555555552,78.0143211111111
1428,0.08,0.06,34.49,30.77,993.72,10206,27.235395555555552,78.01435111111111
1429,0.05,0.09,31.64,41.62,993.72,16356,27.235395555555552,78.0143811111111
1430,0.12,0.06,31.66,31.92,993.72,36289,27.23541555555555,78.0141111111111
1431,0.03,0.1,33.93,41.5,993.72,8785,27.23541555555555,78.0141411111111
1432,0.07,0.08,31.95,34.23,993.72,7742,27.23541555555555,78.01417111111111
1433,0.17,0.1,31.78,33.91,993.72,18072,27.23541555555555,78.0142011111111
1434,0.08,0.04,33.19,35.31,993.72,35114,27.23541555555555,78.0142311111111
1435,0.01,0.05,33.5,43.85,993.72,30599,27.23541555555555,78.01426111111111
1436,0.17,0.01,32.43,43.25,993.72,42727,27.23541555555555,78.0142911111111
1437,0.17,0.03,33.63,36.49,993.72,32076,27.23541555555555,78.0143211111111
1438,0.07,0.03,32.35,30.77,993.72,28803,27.23541555555555,78.01435111111111
1439,0.01,0.1,32.1,41.01,993.72,16663,27.23541555555555,78.0143811111111
1440,0.02,0.04,31.98,40.45,993.72,13326,27.235435555555554,78.0141111111111
1441,0.06,0.09,33.61,36.16,993.72,36526,27.235435555555554,78.0141411111111
1442,0.14,0.04,31.77,43.76,993.72,6012,27.235435555555554,78.01417111111111
1443,0.14,0.08,33.36,27.43,993.72,28740,27.235435555555554,78.0142011111111
1444,0.07,0.08,33.84,27.84,993.72,20514,27.235435555555554,78.0142311111111
1445,0.02,0.07,32.79,37.73,993.72,33184,27.235435555555554,78.01426111111111
1446,0.19,0.04,33.68,28.26,993.72,23832,27.235435555555554,78.0142911111111
1447,0.05,0.01,32.26,43.98,993.72,11811,27.235435555555554,78.0143211111111
1448,0.07,0.01,33.76,28.13,993.72,40838,27.235435555555554,78.01435111111111
1449,0.09,0.0,31.55,39.02,993.72,33902,27.235435555555554,78.0143811111111
1450,0.04,0.0,31.87,43.26,993.72,7823,27.235455555555554,78.0141111111111
1451,0.17,0.09,32.83,27.68,993.72,35393,27.235455555555554,78.0141411111111
1452,0.04,0.0,31.73,44.61,993.72,26426,27.235455555555554,78.01417111111111
1453,0.14,0.01,34.18,30.99,993.72,6592,27.235455555555554,78.0142011111111
1454,0.15,0.07,31.59,43.6,993.72,39124,27.235455555555554,78.0142311111111
1455,0.18,0.09,31.92,32.43,993.72,42629,27.235455555555554,78.01426111111111
1456,0.06,0.05,33.48,41.07,993.72,8096,27.235455555555554,78.0142911111111
1457,0.08,0.1,32.04,33.99,993.72,42953,27.235455555555554,78.0143211111111
1458,0.02,0.03,31.67,28.1,993.72,23320,27.235455555555554,78.01435111111111
1459,0.01,0.04,33.02,35.09,993.72,7368,27.235455555555554,78.0143811111111
1460,0.04,0.06,32.18,43.28,993.72,30578,27.235475555555553,78.0141111111111
1461,0.07,0.09,32.73,27.67,993.72,9211,27.235475555555553,78.0141411111111
1462,0.18,0.01,33.68,39.11,993.72,35881,27.235475555555553,78.01417111111111
1463,0.07,0.02,33.81,38.22,993.72,19508,27.235475555555553,78.0142011111111
1464,0.08,0.01,32.72,32.68,993.72,14725,27.235475555555553,78.0142311111111
1465,0.09,0.07,32.31,37.71,993.72,24669,27.235475555555553,78.01426111111111
1466,0.08,0.03,32.06,44.0,993.72,40858,27.235475555555553,78.0142911111111
1467,0.16,0.03,33.6,35.65,993.72,37637,27.235475555555553,78.0143211111111
1468,0.1,0.09,31.61,41.23,993.72,27932,27.235475555555553,78.01435111111111
1469,0.05,0.0,32.97,34.26,993.72,38240,27.235475555555553,78.0143811111111
1470,0.14,0.01,33.08,28.43,993.72,10762,27.235495555555552,78.0141111111111
1471,0.19,0.05,33.4,37.66,993.72,28722,27.235495555555552,78.0141411111111
1472,0.1,0.05,33.11,27.53,993.72,33068,27.235495555555552,78.01417111111111
1473,0.16,0.09,32.93,42.22,993.72,32723,27.235495555555552,78.0142011111111
1474,0.19,0.05,34.22,42.69,993.72,10730,27.235495555555552,78.0142311111111
1475,0.02,0.03,32.39,34.53,993.72,19279,27.235495555555552,78.01426111111111
1476,0.12,0.09,33.37,43.86,993.72,32047,27.235495555555552,78.0142911111111
1477,0.09,0.07,33.23,38.57,993.72,19856,27.235495555555552,78.0143211111111
1478,0.17,0.05,33.77,38.74,993.72,19722,27.235495555555552,78.01435111111111
1479,0.16,0.06,31.71,43.03,993.72,13204,27.235495555555552,78.0143811111111
1480,0.18,0.04,33.13,38.75,993.72,19353,27.235515555555555,78.0141111111111
1481,0.19,0.06,32.36,42.57,993.72,22263,27.235515555555555,78.0141411111111
1482,0.04,0.01,34.33,37.94,993.72,17625,27.235515555555555,78.01417111111111
1483,0.14,0.08,31.8,30.27,993.72,35911,27.235515555555555,78.0142011111111
1484,0.09,0.05,33.67,28.08,993.72,17926,27.235515555555555,78.0142311111111
1485,0.19,0.01,33.3,31.45,993.72,16086,27.235515555555555,78.01426111111111
1486,0.09,0.08,32.73,35.66,993.72,38410,27.235515555555555,78.0142911111111
1487,0.01,0.02,34.4,37.72,993.72,17200,27.235515555555555,78.0143211111111
1488,0.08,0.01,31.8,39.49,993.72,11440,27.235515555555555,78.01435111111111
1489,0.17,0.09,34.27,41.92,993.72,40516,27.235515555555555,78.0143811111111
1490,0.05,0.02,33.96,29.31,993.72,28724,27.235535555555554,78.0141111111111
1491,0.06,0.05,34.23,36.06,993.72,7164,27.235535555555554,78.0141411111111
1492,0.14,0.04,33.31,36.49,993.72,22362,27.235535555555554,78.01417111111111
1493,0.17,0.09,33.17,31.5,993.72,42302,27.235535555555554,78.0142011111111
1494,0.06,0.03,32.95,30.39,993.72,14373,27.235535555555554,78.0142311111111
1495,0.12,0.01,34.48,37.15,993.72,14330,27.235535555555554,78.01426111111111
1496,0.19,0.06,33.19,29.79,993.72,16619,27.235535555555554,78.0142911111111
1497,0.12,0.1,33.19,33.65,993.72,42953,27.235535555555554,78.0143211111111
1498,0.17,0.03,33.85,37.16,993.72,38172,27.235535555555554,78.01435111111111
1499,0.19,0.07,34.34,41.61,993.72,33919,27.235535555555554,78.0143811111111
1500,0.15,0.0,32.61,31.06,993.72,38824,27.235555555555553,78.0141111111111
1501,0.18,0.03,32.89,29.7,993.72,12230,27.235555555555553,78.0141411111111
1502,0.05,0.1,31.62,38.94,993.72,36059,27.235555555555553,78.01417111111111
1503,0.04,0.07,32.08,33.18,993.72,33079,27.235555555555553,78.0142011111111
1504,0.0,0.08,32.77,27.02,993.72,41867,27.235555555555553,78.0142311111111
1505,0.0,0.02,32.87,44.1,993.72,29332,27.235555555555553,78.01426111111111
1506,0.2,0.02,32.81,34.83,993.72,9133,27.235555555555553,78.0142911111111
1507,0.14,0.08,32.45,27.3,993.72,16402,27.235555555555553,78.0143211111111
1508,0.1,0.05,33.74,36.74,993.72,16086,27.235555555555553,78.01435111111111
1509,0.16,0.07,32.2,33.24,993.72,22982,27.235555555555553,78.0143811111111
1510,0.14,0.04,33.65,37.78,993.72,20798,27.235575555555553,78.0141111111111
1511,0.06,0.09,32.34,33.96,993.72,10633,27.235575555555553,78.0141411111111
1512,0.17,0.05,32.56,42.03,993.72,9759,27.235575555555553,78.01417111111111
1513,0.13,0.08,34.25,43.87,993.72,21064,27.235575555555553,78.0142011111111
1514,0.2,0.08,34.35,44.48,993.72,35025,27.235575555555553,78.0142311111111
1515,0.18,0.0,33.0,42.6,993.72,25360,27.235575555555553,78.01426111111111
1516,0.08,0.0,32.62,27.52,993.72,25045,27.235575555555553,78.0142911111111
1517,0.09,0.03,33.34,39.81,993.72,28141,27.235575555555553,78.0143211111111
1518,0.09,0.05,33.66,37.35,993.72,27128,27.235575555555553,78.01435111111111
1519,0.0,0.05,32.57,40.86,993.72,41010,27.235575555555553,78.0143811111111
1520,0.16,0.08,33.84,44.57,993.72,18779,27.235595555555552,78.0141111111111
1521,0.05,0.04,33.03,32.12,993.72,22736,27.235595555555552,78.0141411111111
1522,0.12,0.08,34.43,29.47,993.72,35768,27.235595555555552,78.01417111111111
1523,0.09,0.07,34.49,33.98,993.72,34099,27.235595555555552,78.0142011111111
1524,0.13,0.01,32.13,40.42,993.72,10842,27.235595555555552,78.0142311111111
1525,0.03,0.09,33.45,33.75,993.72,40192,27.235595555555552,78.01426111111111
1526,0.17,0.07,33.8,31.27,993.72,25417,27.235595555555552,78.0142911111111
1527,0.05,0.05,33.07,44.53,993.72,26040,27.235595555555552,78.0143211111111
1528,0.19,0.07,32.67,43.21,993.72,10507,27.235595555555552,78.01435111111111
1529,0.08,0.03,33.64,40.15,993.72,12961,27.235595555555552,78.0143811111111
1530,0.01,0.05,32.08,38.36,993.72,37283,27.235615555555555,78.0141111111111
1531,0.05,0.08,34.33,43.23,993.72,36330,27.235615555555555,78.0141411111111
1532,0.18,0.01,33.16,43.26,993.72,17688,27.235615555555555,78.01417111111111
1533,0.09,0.06,33.05,35.57,993.72,34511,27.235615555555555,78.0142011111111
1534,0.03,0.09,34.1,27.31,993.72,24588,27.235615555555555,78.0142311111111
1535,0.02,0.09,32.0,41.18,993.72,10853,27.235615555555555,78.01426111111111
1536,0.06,0.03,34.12,33.4,993.72,31964,27.235615555555555,78.0142911111111
1537,0.07,0.07,32.03,33.14,993.72,34961,27.235615555555555,78.0143211111111
1538,0.17,0.06,33.25,37.09,993.72,28939,27.235615555555555,78.01435111111111
1539,0.09,0.05,32.55,41.7,993.72,35238,27.235615555555555,78.0143811111111
1540,0.06,0.08,31.85,32.28,993.72,33857,27.235635555555554,78.0141111111111
1541,0.18,0.09,33.61,30.77,993.72,29237,27.235635555555554,78.0141411111111
1542,0.12,0.02,31.56,42.19,993.72,41371,27.235635555555554,78.01417111111111
1543,0.13,0.09,34.09,27.48,993.72,33432,27.235635555555554,78.0142011111111
1544,0.15,0.0,31.7,30.32,993.72,20007,27.235635555555554,78.0142311111111
1545,0.03,0.1,33.24,44.11,993.72,9243,27.235635555555554,78.01426111111111
1546,0.07,0.01,33.06,41.23,993.72,10828,27.235635555555554,78.0142911111111
1547,0.17,0.01,32.39,36.97,993.72,38066,27.235635555555554,78.0143211111111
1548,0.05,0.05,34.37,31.62,993.72,6455,27.235635555555554,78.01435111111111
1549,0.11,0.04,32.79,27.41,993.72,26238,27.235635555555554,78.0143811111111
1550,0.07,0.09,31.79,29.95,993.72,29020,27.235655555555553,78.0141111111111
1551,0.15,0.06,32.19,31.8,993.72,35864,27.235655555555553,78.0141411111111
1552,0.05,0.03,32.23,38.26,993.72,10543,27.235655555555553,78.01417111111111
1553,0.07,0.03,31.89,28.8,993.72,14470,27.235655555555553,78.0142011111111
1554,0.08,0.1,34.28,34.69,993.72,39027,27.235655555555553,78.0142311111111
1555,0.04,0.03,33.31,30.79,993.72,22310,27.235655555555553,78.01426111111111
1556,0.04,0.02,34.42,29.97,993.72,21663,27.235655555555553,78.0142911111111
1557,0.1,0.04,32.41,41.64,993.72,24364,27.235655555555553,78.0143211111111
1558,0.02,0.03,34.13,28.78,993.72,6064,27.235655555555553,78.01435111111111
1559,0.19,0.03,34.07,42.01,993.72,17335,27.235655555555553,78.0143811111111
1560,0.18,0.06,32.1,41.06,993.72,11501,27.235675555555552,78.0141111111111
1561,0.06,0.03,33.0,33.13,993.72,21240,27.235675555555552,78.0141411111111
1562,0.17,0.04,33.58,41.44,993.72,29876,27.235675555555552,78.01417111111111
1563,0.12,0.09,32.26,42.14,993.72,28037,27.235675555555552,78.0142011111111
1564,0.17,0.06,34.45,32.68,993.72,17721,27.235675555555552,78.0142311111111
1565,0.15,0.01,31.87,44.21,993.72,18487,27.235675555555552,78.01426111111111
1566,0.05,0.01,32.68,30.99,993.72,30809,27.235675555555552,78.0142911111111
1567,0.11,0.05,34.37,40.05,993.72,38128,27.235675555555552,78.0143211111111
1568,0.12,0.02,32.61,29.33,993.72,30959,27.235675555555552,78.01435111111111
1569,0.02,0.09,34.24,31.68,993.72,18553,27.235675555555552,78.0143811111111
1570,0.19,0.06,33.12,32.45,993.72,17352,27.23569555555555,78.0141111111111
1571,0.0,0.05,33.03,32.64,993.72,22251,27.23569555555555,78.0141411111111
1572,0.09,0.04,31.67,39.25,993.72,10741,27.23569555555555,78.01417111111111
1573,0.16,0.0,33.89,35.47,993.72,13020,27.23569555555555,78.0142011111111
1574,0.06,0.01,33.85,42.62,993.72,33609,27.23569555555555,78.0142311111111
1575,0.08,0.06,34.25,37.22,993.72,36674,27.23569555555555,78.01426111111111
1576,0.12,0.06,34.19,34.28,993.72,25197,27.23569555555555,78.0142911111111
1577,0.11,0.06,32.62,40.02,993.72,22411,27.23569555555555,78.0143211111111
1578,0.08,0.04,31.91,35.27,993.72,35950,27.23569555555555,78.01435111111111
1579,0.03,0.09,34.03,28.4,993.72,23012,27.23569555555555,78.0143811111111
1580,0.15,0.04,33.92,39.14,993.72,19253,27.235715555555554,78.0141111111111
1581,0.17,0.02,33.93,41.32,993.72,30088,27.235715555555554,78.0141411111111
1582,0.11,0.07,33.12,29.89,993.72,30501,27.235715555555554,78.01417111111111
1583,0.18,0.09,33.41,38.8,993.72,17230,27.235715555555554,78.0142011111111
1584,0.02,0.04,32.47,39.26,993.72,32912,27.235715555555554,78.0142311111111
1585,0.15,0.08,32.77,38.53,993.72,36473,27.235715555555554,78.01426111111111
1586,0.19,0.04,34.23,38.35,993.72,23925,27.235715555555554,78.0142911111111
1587,0.17,0.06,34.19,44.08,993.72,12542,27.235715555555554,78.0143211111111
1588,0.02,0.05,31.72,28.06,993.72,25431,27.235715555555554,78.01435111111111
1589,0.03,0.08,31.96,28.9,993.72,40493,27.235715555555554,78.0143811111111
1590,0.11,0.08,33.34,38.7,993.72,15149,27.235735555555554,78.0141111111111
1591,0.15,0.06,32.49,44.93,993.72,8757,27.235735555555554,78.0141411111111
1592,0.04,0.03,31.66,31.56,993.72,41226,27.235735555555554,78.01417111111111
1593,0.02,0.03,32.69,29.07,993.72,30709,27.235735555555554,78.0142011111111
1594,0.15,0.03,32.42,44.83,993.72,28267,27.235735555555554,78.0142311111111
1595,0.03,0.07,33.47,31.07,993.72,38653,27.235735555555554,78.01426111111111
1596,0.16,0.09,32.88,28.65,993.72,29363,27.235735555555554,78.0142911111111
1597,0.19,0.0,34.42,29.08,993.72,30438,27.235735555555554,78.0143211111111
1598,0.09,0.07,32.85,37.95,993.72,21200,27.235735555555554,78.01435111111111
1599,0.12,0.08,33.67,41.08,993.72,6841,27.235735555555554,78.0143811111111
1600,0.19,0.08,34.48,31.1,993.72,11343,27.235755555555553,78.0141111111111
1601,0.11,0.01,31.59,36.42,993.72,20349,27.235755555555553,78.0141411111111
1602,0.15,0.05,33.66,42.41,993.72,31689,27.235755555555553,78.01417111111111
1603,0.05,0.01,32.3,35.91,993.72,36353,27.235755555555553,78.0142011111111
1604,0.04,0.02,32.87,35.32,993.72,6845,27.235755555555553,78.0142311111111
1605,0.19,0.04,34.28,29.41,993.72,12783,27.235755555555553,78.01426111111111
1606,0.06,0.06,32.83,31.56,993.72,34410,27.235755555555553,78.0142911111111
1607,0.17,0.09,33.99,36.62,993.72,39487,27.235755555555553,78.0143211111111
1608,0.02,0.04,34.45,33.38,993.72,31991,27.235755555555553,78.01435111111111
1609,0.08,0.01,33.08,42.67,993.72,37249,27.235755555555553,78.0143811111111
1610,0.11,0.07,31.54,28.52,993.72,18307,27.235775555555552,78.0141111111111
1611,0.14,0.06,34.03,29.86,993.72,9990,27.235775555555552,78.0141411111111
1612,0.04,0.09,33.15,31.11,993.72,31293,27.235775555555552,78.01417111111111
1613,0.18,0.04,33.11,35.41,993.72,8131,27.235775555555552,78.0142011111111
1614,0.02,0.06,31.57,31.4,993.72,34421,27.235775555555552,78.0142311111111
1615,0.16,0.1,33.38,40.89,993.72,33186,27.235775555555552,78.01426111111111
1616,0.12,0.08,33.69,30.51,993.72,9583,27.235775555555552,78.0142911111111
1617,0.03,0.09,32.63,44.33,993.72,16410,27.235775555555552,78.0143211111111
1618,0.07,0.1,34.4,31.4,993.72,28394,27.235775555555552,78.01435111111111
1619,0.08,0.06,31.55,37.18,993.72,7991,27.235775555555552,78.0143811111111
1620,0.17,0.07,32.13,37.17,993.72,25801,27.235795555555555,78.0141111111111
1621,0.02,0.05,32.44,28.94,993.72,11742,27.235795555555555,78.0141411111111
1622,0.07,0.09,33.33,29.91,993.72,35362,27.235795555555555,78.01417111111111
1623,0.05,0.07,31.74,35.16,993.72,10103,27.235795555555555,78.0142011111111
1624,0.13,0.01,34.41,40.88,993.72,9219,27.235795555555555,78.0142311111111
1625,0.11,0.01,33.61,41.7,993.72,33154,27.235795555555555,78.01426111111111
1626,0.09,0.03,32.33,30.88,993.72,22469,27.235795555555555,78.0142911111111
1627,0.01,0.02,33.58,37.04,993.72,34442,27.235795555555555,78.0143211111111
1628,0.05,0.02,32.35,28.16,993.72,18523,27.235795555555555,78.01435111111111
1629,0.02,0.06,33.07,41.39,993.72,11229,27.235795555555555,78.0143811111111
1630,0.04,0.0,33.7,37.05,993.72,31607,27.235815555555554,78.0141111111111
1631,0.06,0.07,33.25,33.85,993.72,24846,27.235815555555554,78.0141411111111
1632,0.03,0.1,34.22,28.26,993.72,7310,27.235815555555554,78.01417111111111
1633,0.15,0.05,33.42,39.42,993.72,37817,27.235815555555554,78.0142011111111
1634,0.01,0.04,34.27,31.83,993.72,23819,27.235815555555554,78.0142311111111
1635,0.18,0.05,31.57,41.28,993.72,16230,27.235815555555554,78.01426111111111
1636,0.09,0.05,32.66,39.49,993.72,38778,27.235815555555554,78.0142911111111
1637,0.0,0.07,32.51,43.2,993.72,41077,27.235815555555554,78.0143211111111
1638,0.17,0.02,32.81,44.81,993.72,16042,27.235815555555554,78.01435111111111
1639,0.07,0.03,33.38,34.7,993.72,35796,27.235815555555554,78.0143811111111
1640,0.15,0.02,32.92,41.36,993.72,26739,27.235835555555553,78.0141111111111
1641,0.04,0.06,33.74,42.52,993.72,15262,27.235835555555553,78.0141411111111
1642,0.0,0.01,32.08,43.75,993.72,33072,27.235835555555553,78.01417111111111
1643,0.09,0.04,31.78,36.6,993.72,33326,27.235835555555553,78.0142011111111
1644,0.0,0.08,32.44,32.94,993.72,41730,27.235835555555553,78.0142311111111
1645,0.12,0.09,32.05,41.46,993.72,24151,27.235835555555553,78.01426111111111
1646,0.09,0.04,32.74,37.39,993.72,38024,27.235835555555553,78.0142911111111
1647,0.12,0.0,32.26,28.79,993.72,7443,27.235835555555553,78.0143211111111
1648,0.1,0.1,32.14,37.22,993.72,31466,27.235835555555553,78.01435111111111
1649,0.07,0.09,32.14,32.52,993.72,28773,27.235835555555553,78.0143811111111
1650,0.13,0.03,33.24,28.14,993.72,31113,27.235855555555553,78.0141111111111
1651,0.19,0.03,34.18,39.35,993.72,42657,27.235855555555553,78.0141411111111
1652,0.16,0.03,34.1,43.54,993.72,13966,27.235855555555553,78.01417111111111
1653,0.03,0.08,33.76,44.3,993.72,25060,27.235855555555553,78.0142011111111
1654,0.13,0.1,34.49,29.3,993.72,17971,27.235855555555553,78.0142311111111
1655,0.02,0.07,31.52,39.11,993.72,6345,27.235855555555553,78.01426111111111
1656,0.05,0.02,33.4,37.67,993.72,33096,27.235855555555553,78.0142911111111
1657,0.01,0.01,32.22,30.68,993.72,9497,27.235855555555553,78.0143211111111
1658,0.05,0.09,32.35,33.53,993.72,32582,27.235855555555553,78.01435111111111
1659,0.0,0.08,32.89,33.17,993.72,12600,27.235855555555553,78.0143811111111
1660,0.02,0.05,32.42,43.18,993.72,22765,27.235875555555552,78.0141111111111
1661,0.03,0.01,31.54,37.66,993.72,18769,27.235875555555552,78.0141411111111
1662,0.12,0.07,33.82,42.61,993.72,8017,27.235875555555552,78.01417111111111
1663,0.1,0.09,33.63,41.43,993.72,39548,27.235875555555552,78.0142011111111
1664,0.02,0.09,34.43,37.91,993.72,36417,27.235875555555552,78.0142311111111
1665,0.18,0.07,33.63,43.88,993.72,39598,27.235875555555552,78.01426111111111
1666,0.12,0.04,32.28,31.81,993.72,11520,27.235875555555552,78.0142911111111
1667,0.08,0.08,33.41,28.53,993.72,37539,27.235875555555552,78.0143211111111
1668,0.18,0.03,34.43,41.62,993.72,14999,27.235875555555552,78.01435111111111
1669,0.05,0.03,32.49,41.35,993.72,37766,27.235875555555552,78.0143811111111
1670,0.02,0.06,33.04,44.5,993.72,8475,27.235895555555555,78.0141111111111
1671,0.15,0.1,31.53,32.3,993.72,31523,27.235895555555555,78.0141411111111
1672,0.17,0.06,32.3,28.46,993.72,8705,27.235895555555555,78.01417111111111
1673,0.12,0.07,33.5,29.12,993.72,25596,27.235895555555555,78.0142011111111
1674,0.01,0.03,33.22,32.22,993.72,9533,27.235895555555555,78.0142311111111
1675,0.17,0.08,34.25,32.89,993.72,40312,27.235895555555555,78.01426111111111
1676,0.16,0.1,31.63,34.5,993.72,10978,27.235895555555555,78.0142911111111
1677,0.16,0.06,34.24,40.6,993.72,10871,27.235895555555555,78.0143211111111
1678,0.18,0.06,32.33,33.22,993.72,42301,27.235895555555555,78.01435111111111
1679,0.15,0.01,33.92,41.53,993.72,21021,27.235895555555555,78.0143811111111
1680,0.19,0.09,34.03,31.96,993.72,10778,27.235915555555554,78.0141111111111
1681,0.06,0.1,31.72,35.24,993.72,41349,27.235915555555554,78.0141411111111
1682,0.14,0.05,32.29,42.58,993.72,15904,27.235915555555554,78.01417111111111
1683,0.07,0.02,33.91,30.2,993.72,34971,27.235915555555554,78.0142011111111
1684,0.02,0.02,33.38,29.45,993.72,24095,27.235915555555554,78.0142311111111
1685,0.14,0.0,31.78,28.03,993.72,31044,27.235915555555554,78.01426111111111
1686,0.09,0.03,32.38,35.82,993.72,33707,27.235915555555554,78.0142911111111
1687,0.15,0.08,33.78,35.58,993.72,37256,27.235915555555554,78.0143211111111
1688,0.12,0.02,33.03,29.83,993.72,28325,27.235915555555554,78.01435111111111
1689,0.12,0.04,34.34,42.73,993.72,41932,27.235915555555554,78.0143811111111
1690,0.09,0.01,34.29,31.2,993.72,31974,27.235935555555553,78.0141111111111
1691,0.01,0.03,32.46,30.63,993.72,17792,27.235935555555553,78.0141411111111
1692,0.09,0.07,33.12,28.21,993.72,32972,27.235935555555553,78.01417111111111
1693,0.03,0.03,34.19,28.89,993.72,16829,27.235935555555553,78.0142011111111
1694,0.06,0.06,32.43,43.06,993.72,33878,27.235935555555553,78.0142311111111
1695,0.08,0.05,34.08,43.65,993.72,20642,27.235935555555553,78.01426111111111
1696,0.12,0.01,33.13,31.28,993.72,14531,27.235935555555553,78.0142911111111
1697,0.09,0.05,32.47,43.25,993.72,7945,27.235935555555553,78.0143211111111
1698,0.07,0.02,33.63,28.41,993.72,17231,27.235935555555553,78.01435111111111
1699,0.16,0.02,33.99,39.41,993.72,13106,27.235935555555553,78.0143811111111
1700,0.06,0.01,31.84,31.2,993.72,40886,27.235955555555552,78.0141111111111
1701,0.05,0.08,32.98,29.17,993.72,18904,27.235955555555552,78.0141411111111
1702,0.09,0.08,33.24,28.36,993.72,23452,27.235955555555552,78.01417111111111
1703,0.02,0.01,31.66,40.5,993.72,40972,27.235955555555552,78.0142011111111
1704,0.19,0.09,33.75,31.64,993.72,9692,27.235955555555552,78.0142311111111
1705,0.14,0.06,32.16,31.77,993.72,23361,27.235955555555552,78.01426111111111
1706,0.12,0.07,34.49,30.8,993.72,23785,27.235955555555552,78.0142911111111
1707,0.05,0.04,33.79,31.26,993.72,18334,27.235955555555552,78.0143211111111
1708,0.03,0.05,33.48,38.12,993.72,26785,27.235955555555552,78.01435111111111
1709,0.08,0.1,32.55,29.99,993.72,21923,27.235955555555552,78.0143811111111
1710,0.15,0.04,33.84,36.85,993.72,32531,27.23597555555555,78.0141111111111
1711,0.1,0.09,31.68,32.18,993.72,6541,27.23597555555555,78.0141411111111
1712,0.2,0.06,31.87,40.39,993.72,7729,27.23597555555555,78.01417111111111
1713,0.19,0.07,33.54,33.75,993.72,22299,27.23597555555555,78.0142011111111
1714,0.1,0.02,32.08,41.51,993.72,21258,27.23597555555555,78.0142311111111
1715,0.17,0.03,32.13,33.56,993.72,41880,27.23597555555555,78.01426111111111
1716,0.16,0.06,31.59,29.48,993.72,33664,27.23597555555555,78.0142911111111
1717,0.15,0.02,31.61,34.78,993.72,40096,27.23597555555555,78.0143211111111
1718,0.18,0.09,32.44,36.1,993.72,10111,27.23597555555555,78.01435111111111
1719,0.04,0.09,34.01,43.82,993.72,41088,27.23597555555555,78.0143811111111
1720,0.03,0.04,31.9,40.43,993.72,8724,27.235995555555554,78.0141111111111
1721,0.02,0.07,31.96,29.53,993.72,19782,27.235995555555554,78.0141411111111
1722,0.11,0.06,32.46,29.57,993.72,20482,27.235995555555554,78.01417111111111
1723,0.04,0.1,32.4,34.84,993.72,42289,27.235995555555554,78.0142011111111
1724,0.1,0.0,32.11,35.3,993.72,38073,27.235995555555554,78.0142311111111
1725,0.04,0.08,31.51,39.85,993.72,19081,27.235995555555554,78.01426111111111
1726,0.16,0.03,33.24,40.42,993.72,6753,27.235995555555554,78.0142911111111
1727,0.06,0.03,32.36,27.28,993.72,22845,27.235995555555554,78.0143211111111
1728,0.04,0.09,31.6,40.45,993.72,30630,27.235995555555554,78.01435111111111
1729,0.1,0.04,32.76,29.97,993.72,21654,27.235995555555554,78.0143811111111
1730,0.14,0.03,33.17,40.12,993.72,36573,27.236015555555554,78.0141111111111
1731,0.11,0.01,32.69,35.21,993.72,31434,27.236015555555554,78.0141411111111
1732,0.09,0.03,33.93,40.74,993.72,25147,27.236015555555554,78.01417111111111
1733,0.14,0.02,32.47,30.59,993.72,37277,27.236015555555554,78.0142011111111
1734,0.16,0.05,33.18,39.5,993.72,18480,27.236015555555554,78.0142311111111
1735,0.06,0.01,32.69,29.04,993.72,37041,27.236015555555554,78.01426111111111
1736,0.18,0.01,34.37,38.51,993.72,36584,27.236015555555554,78.0142911111111
1737,0.14,0.0,33.58,31.69,993.72,31987,27.236015555555554,78.0143211111111
1738,0.13,0.01,32.12,32.47,993.72,32189,27.236015555555554,78.01435111111111
1739,0.14,0.05,33.28,39.64,993.72,38220,27.236015555555554,78.0143811111111
1740,0.2,0.08,33.71,30.09,993.72,15915,27.236035555555553,78.0141111111111
1741,0.07,0.07,33.43,29.41,993.72,26824,27.236035555555553,78.0141411111111
1742,0.1,0.05,33.97,32.07,993.72,42235,27.236035555555553,78.01417111111111
1743,0.01,0.03,31.85,38.49,993.72,17010,27.236035555555553,78.0142011111111
1744,0.11,0.06,33.72,40.9,993.72,24641,27.236035555555553,78.0142311111111
1745,0.11,0.01,34.23,44.4,993.72,11595,27.236035555555553,78.01426111111111
1746,0.04,0.01,34.33,41.17,993.72,29765,27.236035555555553,78.0142911111111
1747,0.14,0.07,32.32,36.29,993.72,42240,27.236035555555553,78.0143211111111
1748,0.14,0.06,32.61,41.41,993.72,20583,27.236035555555553,78.01435111111111
1749,0.18,0.02,32.16,42.73,993.72,10428,27.236035555555553,78.0143811111111
1750,0.17,0.1,32.66,30.76,993.72,9458,27.236055555555552,78.0141111111111
1751,0.0,0.04,31.62,36.47,993.72,6270,27.236055555555552,78.0141411111111
1752,0.18,0.06,33.91,40.43,993.72,10829,27.236055555555552,78.01417111111111
1753,0.16,0.08,32.86,32.27,993.72,9024,27.236055555555552,78.0142011111111
1754,0.06,0.09,33.81,41.09,993.72,30909,27.236055555555552,78.0142311111111
1755,0.1,0.09,32.75,32.75,993.72,28195,27.236055555555552,78.01426111111111
1756,0.16,0.01,32.75,40.68,993.72,32517,27.236055555555552,78.0142911111111
1757,0.1,0.05,34.38,41.56,993.72,14320,27.236055555555552,78.0143211111111
1758,0.1,0.0,32.19,40.65,993.72,6254,27.236055555555552,78.01435111111111
1759,0.16,0.02,33.51,43.62,993.72,30826,27.236055555555552,78.0143811111111
1760,0.12,0.04,33.76,41.54,993.72,15002,27.236075555555555,78.0141111111111
1761,0.12,0.03,33.64,38.41,993.72,28688,27.236075555555555,78.0141411111111
1762,0.03,0.06,32.49,34.99,993.72,8618,27.236075555555555,78.01417111111111
1763,0.14,0.05,32.5,33.31,993.72,26426,27.236075555555555,78.0142011111111
1764,0.13,0.1,33.75,28.65,993.72,27789,27.236075555555555,78.0142311111111
1765,0.16,0.07,33.51,40.74,993.72,15536,27.236075555555555,78.01426111111111
1766,0.14,0.1,33.77,30.01,993.72,21626,27.236075555555555,78.0142911111111
1767,0.04,0.01,31.59,43.22,993.72,12129,27.236075555555555,78.0143211111111
1768,0.07,0.03,31.99,43.52,993.72,31307,27.236075555555555,78.01435111111111
1769,0.02,0.04,32.54,28.94,993.72,9956,27.236075555555555,78.0143811111111
1770,0.01,0.09,34.45,29.65,993.72,17415,27.236095555555554,78.0141111111111
1771,0.08,0.08,33.85,44.42,993.72,35156,27.236095555555554,78.0141411111111
1772,0.13,0.0,32.16,36.1,993.72,14201,27.236095555555554,78.01417111111111
1773,0.19,0.0,33.34,37.16,993.72,26039,27.236095555555554,78.0142011111111
1774,0.12,0.05,33.34,28.52,993.72,41205,27.236095555555554,78.0142311111111
1775,0.18,0.04,33.96,31.85,993.72,10456,27.236095555555554,78.01426111111111
1776,0.08,0.08,33.45,40.17,993.72,13539,27.236095555555554,78.0142911111111
1777,0.08,0.0,33.13,41.51,993.72,14783,27.236095555555554,78.0143211111111
1778,0.12,0.01,34.05,40.15,993.72,35966,27.236095555555554,78.01435111111111
1779,0.01,0.07,33.63,27.36,993.72,26488,27.236095555555554,78.0143811111111
1780,0.19,0.09,31.95,34.66,993.72,26244,27.236115555555553,78.0141111111111
1781,0.04,0.04,31.58,32.45,993.72,10434,27.236115555555553,78.0141411111111
1782,0.11,0.1,31.85,34.82,993.72,25251,27.236115555555553,78.01417111111111
1783,0.13,0.05,31.98,42.74,993.72,8888,27.236115555555553,78.0142011111111
1784,0.05,0.06,32.52,37.32,993.72,12075,27.236115555555553,78.0142311111111
1785,0.1,0.03,32.77,31.73,993.72,19527,27.236115555555553,78.01426111111111
1786,0.16,0.04,32.18,39.14,993.72,38449,27.236115555555553,78.0142911111111
1787,0.08,0.01,33.02,38.62,993.72,29274,27.236115555555553,78.0143211111111
1788,0.06,0.03,32.25,29.81,993.72,13291,27.236115555555553,78.01435111111111
1789,0.14,0.07,33.93,35.36,993.72,7935,27.236115555555553,78.0143811111111
1790,0.16,0.04,34.2,29.63,993.72,40605,27.236135555555553,78.0141111111111
1791,0.08,0.03,32.94,44.44,993.72,14657,27.236135555555553,78.0141411111111
1792,0.15,0.07,32.59,39.32,993.72,27009,27.236135555555553,78.01417111111111
1793,0.07,0.05,33.69,32.31,993.72,39726,27.236135555555553,78.0142011111111
1794,0.06,0.06,32.92,44.76,993.72,6017,27.236135555555553,78.0142311111111
1795,0.12,0.0,34.02,29.35,993.72,37793,27.236135555555553,78.01426111111111
1796,0.15,0.02,33.9,28.25,993.72,28048,27.236135555555553,78.0142911111111
1797,0.16,0.02,33.88,27.99,993.72,34242,27.236135555555553,78.0143211111111
1798,0.06,0.04,31.74,40.25,993.72,30496,27.236135555555553,78.01435111111111
1799,0.18,0.01,33.64,34.24,993.72,33966,27.236135555555553,78.0143811111111
1800,0.09,0.01,31.54,31.62,993.72,22496,27.236155555555552,78.0141111111111
1801,0.01,0.01,31.74,43.52,993.72,15726,27.236155555555552,78.0141411111111
1802,0.14,0.07,32.03,42.02,993.72,41417,27.236155555555552,78.01417111111111
1803,0.15,0.04,31.88,38.72,993.72,22517,27.236155555555552,78.0142011111111
1804,0.12,0.07,33.04,30.92,993.72,26812,27.236155555555552,78.0142311111111
1805,0.0,0.04,33.39,38.3,993.72,25050,27.236155555555552,78.01426111111111
1806,0.09,0.01,32.43,30.28,993.72,7551,27.236155555555552,78.0142911111111
1807,0.11,0.0,33.13,39.91,993.72,9953,27.236155555555552,78.0143211111111
1808,0.12,0.02,33.98,33.51,993.72,30731,27.236155555555552,78.01435111111111
1809,0.07,0.09,34.08,39.83,993.72,39178,27.236155555555552,78.0143811111111
1810,0.07,0.01,31.55,35.0,993.72,7506,27.236175555555555,78.0141111111111
1811,0.13,0.01,33.32,44.06,993.72,17740,27.236175555555555,78.0141411111111
1812,0.08,0.03,31.5,28.93,993.72,42923,27.236175555555555,78.01417111111111
1813,0.06,0.05,33.19,35.56,993.72,42379,27.236175555555555,78.0142011111111
1814,0.0,0.09,33.77,38.53,993.72,36797,27.236175555555555,78.0142311111111
1815,0.15,0.04,31.78,38.93,993.72,11896,27.236175555555555,78.01426111111111
1816,0.1,0.04,31.79,27.76,993.72,6791,27.236175555555555,78.0142911111111
1817,0.14,0.01,34.07,29.09,993.72,27169,27.236175555555555,78.0143211111111
1818,0.07,0.08,33.16,38.08,993.72,23293,27.236175555555555,78.01435111111111
1819,0.11,0.08,33.45,31.58,993.72,39956,27.236175555555555,78.0143811111111
1820,0.2,0.06,31.52,31.74,993.72,15486,27.236195555555554,78.0141111111111
1821,0.18,0.01,32.85,31.64,993.72,31007,27.236195555555554,78.0141411111111
1822,0.08,0.01,31.65,43.45,993.72,25605,27.236195555555554,78.01417111111111
1823,0.18,0.04,34.06,38.67,993.72,25692,27.236195555555554,78.0142011111111
1824,0.13,0.03,34.28,32.35,993.72,34900,27.236195555555554,78.0142311111111
1825,0.15,0.0,32.13,28.01,993.72,12109,27.236195555555554,78.01426111111111
1826,0.09,0.08,32.76,40.07,993.72,40400,27.236195555555554,78.0142911111111
1827,0.01,0.05,32.23,36.21,993.72,37306,27.236195555555554,78.0143211111111
1828,0.06,0.09,32.31,30.34,993.72,30739,27.236195555555554,78.01435111111111
1829,0.16,0.08,32.66,38.27,993.72,40321,27.236195555555554,78.0143811111111
1830,0.07,0.08,33.15,32.43,993.72,10728,27.236215555555553,78.0141111111111
1831,0.03,0.03,32.4,35.85,993.72,11368,27.236215555555553,78.0141411111111
1832,0.03,0.03,33.99,30.11,993.72,38856,27.236215555555553,78.01417111111111
1833,0.12,0.09,33.8,44.54,993.72,33234,27.236215555555553,78.0142011111111
1834,0.1,0.05,31.78,33.67,993.72,40318,27.236215555555553,78.0142311111111
1835,0.09,0.09,34.45,33.65,993.72,37631,27.236215555555553,78.01426111111111
1836,0.15,0.04,34.14,34.25,993.72,28454,27.236215555555553,78.0142911111111
1837,0.18,0.04,32.53,28.05,993.72,41630,27.236215555555553,78.0143211111111
1838,0.15,0.02,32.55,36.1,993.72,8360,27.236215555555553,78.01435111111111
1839,0.08,0.02,33.44,29.51,993.72,19881,27.236215555555553,78.0143811111111
1840,0.14,0.01,33.29,42.49,993.72,38823,27.236235555555552,78.0141111111111
1841,0.13,0.1,34.31,39.76,993.72,30730,27.236235555555552,78.0141411111111
1842,0.13,0.08,34.37,36.1,993.72,18818,27.236235555555552,78.01417111111111
1843,0.19,0.08,33.86,40.71,993.72,20141,27.236235555555552,78.0142011111111
1844,0.11,0.08,31.9,27.04,993.72,36896,27.236235555555552,78.0142311111111
1845,0.13,0.02,31.6,36.73,993.72,10495,27.236235555555552,78.01426111111111
1846,0.13,0.06,31.74,43.05,993.72,29826,27.236235555555552,78.0142911111111
1847,0.17,0.04,31.76,34.48,993.72,11070,27.236235555555552,78.0143211111111
1848,0.06,0.09,33.01,32.66,993.72,21245,27.236235555555552,78.01435111111111
1849,0.07,0.0,32.36,30.31,993.72,32730,27.236235555555552,78.0143811111111
1850,0.06,0.04,31.66,41.18,993.72,30675,27.23625555555555,78.0141111111111
1851,0.05,0.02,32.92,31.82,993.72,7454,27.23625555555555,78.0141411111111
1852,0.19,0.05,34.19,34.23,993.72,11696,27.23625555555555,78.01417111111111
1853,0.01,0.06,32.53,32.25,993.72,18514,27.23625555555555,78.0142011111111
1854,0.02,0.03,33.99,43.82,993.72,18895,27.23625555555555,78.0142311111111
1855,0.16,0.09,33.01,39.22,993.72,32738,27.23625555555555,78.01426111111111
1856,0.14,0.07,33.14,44.29,993.72,11411,27.23625555555555,78.0142911111111
1857,0.02,0.06,32.49,38.72,993.72,17109,27.23625555555555,78.0143211111111
1858,0.06,0.05,34.17,31.01,993.72,27824,27.23625555555555,78.01435111111111
1859,0.01,0.08,34.04,33.58,993.72,24307,27.23625555555555,78.0143811111111
1860,0.01,0.08,31.9,44.22,993.72,39340,27.236275555555554,78.0141111111111
1861,0.09,0.06,32.53,36.05,993.72,16631,27.236275555555554,78.0141411111111
1862,0.19,0.09,34.26,27.58,993.72,31690,27.236275555555554,78.01417111111111
1863,0.14,0.02,31.73,30.01,993.72,20803,27.236275555555554,78.0142011111111
1864,0.01,0.05,33.37,37.11,993.72,12158,27.236275555555554,78.0142311111111
1865,0.1,0.1,33.29,33.7,993.72,19543,27.236275555555554,78.01426111111111
1866,0.15,0.03,32.52,38.18,993.72,24667,27.236275555555554,78.0142911111111
1867,0.17,0.0,32.08,41.4,993.72,10629,27.236275555555554,78.0143211111111
1868,0.08,0.09,34.11,37.59,993.72,14679,27.236275555555554,78.01435111111111
1869,0.19,0.02,33.52,33.89,993.72,8090,27.236275555555554,78.0143811111111
1870,0.13,0.05,34.23,33.97,993.72,19283,27.236295555555554,78.0141111111111
1871,0.03,0.1,32.19,29.98,993.72,22831,27.236295555555554,78.0141411111111
1872,0.1,0.06,33.92,39.88,993.72,18583,27.236295555555554,78.01417111111111
1873,0.14,0.0,33.99,39.19,993.72,12451,27.236295555555554,78.0142011111111
1874,0.2,0.06,32.43,27.65,993.72,16284,27.236295555555554,78.0142311111111
1875,0.11,0.03,33.96,30.03,993.72,21446,27.236295555555554,78.01426111111111
1876,0.14,0.02,33.93,29.73,993.72,26103,27.236295555555554,78.0142911111111
1877,0.17,0.05,33.06,43.02,993.72,25948,27.236295555555554,78.0143211111111
1878,0.07,0.05,32.12,27.92,993.72,34524,27.236295555555554,78.01435111111111
1879,0.17,0.01,32.74,37.99,993.72,42993,27.236295555555554,78.0143811111111
1880,0.06,0.09,34.33,40.95,993.72,9163,27.236315555555553,78.0141111111111
1881,0.02,0.08,34.37,30.58,993.72,30450,27.236315555555553,78.0141411111111
1882,0.04,0.02,33.41,43.75,993.72,16426,27.236315555555553,78.01417111111111
1883,0.07,0.01,34.26,43.33,993.72,22380,27.236315555555553,78.0142011111111
1884,0.15,0.09,33.13,35.6,993.72,7699,27.236315555555553,78.0142311111111
1885,0.11,0.06,31.67,37.4,993.72,12948,27.236315555555553,78.01426111111111
1886,0.06,0.09,34.43,36.24,993.72,21218,27.236315555555553,78.0142911111111
1887,0.03,0.01,32.12,36.7,993.72,37508,27.236315555555553,78.0143211111111
1888,0.08,0.03,33.61,36.49,993.72,11948,27.236315555555553,78.01435111111111
1889,0.17,0.1,34.28,40.82,993.72,18239,27.236315555555553,78.0143811111111
1890,0.14,0.07,33.58,33.05,993.72,27280,27.236335555555552,78.0141111111111
1891,0.0,0.07,33.96,43.92,993.72,14855,27.236335555555552,78.0141411111111
1892,0.14,0.04,31.58,38.7,993.72,28884,27.236335555555552,78.01417111111111
1893,0.12,0.02,31.96,44.29,993.72,17193,27.236335555555552,78.0142011111111
1894,0.13,0.09,32.78,37.92,993.72,9830,27.236335555555552,78.0142311111111
1895,0.19,0.06,33.19,36.51,993.72,40187,27.236335555555552,78.01426111111111
1896,0.19,0.08,34.0,30.73,993.72,19905,27.236335555555552,78.0142911111111
1897,0.04,0.09,34.34,27.61,993.72,18107,27.236335555555552,78.0143211111111
1898,0.2,0.08,33.15,44.42,993.72,21700,27.236335555555552,78.01435111111111
1899,0.18,0.1,32.75,28.42,993.72,42983,27.236335555555552,78.0143811111111
1900,0.08,0.07,32.79,43.72,993.72,17594,27.23635555555555,78.0141111111111
1901,0.05,0.02,32.22,41.16,993.72,25596,27.23635555555555,78.0141411111111
1902,0.12,0.04,31.5,38.99,993.72,29481,27.23635555555555,78.01417111111111
1903,0.08,0.05,32.04,27.28,993.72,9739,27.23635555555555,78.0142011111111
1904,0.08,0.0,32.0,29.71,993.72,30667,27.23635555555555,78.0142311111111
1905,0.11,0.05,32.99,34.88,993.72,27601,27.23635555555555,78.01426111111111
1906,0.17,0.01,32.54,35.36,993.72,37433,27.23635555555555,78.0142911111111
1907,0.1,0.07,34.11,27.35,993.72,24402,27.23635555555555,78.0143211111111
1908,0.06,0.02,32.77,33.29,993.72,39263,27.23635555555555,78.01435111111111
1909,0.07,0.02,32.43,31.15,993.72,27023,27.23635555555555,78.0143811111111
1910,0.14,0.01,32.26,32.28,993.72,10341,27.236375555555554,78.0141111111111
1911,0.08,0.04,32.12,44.57,993.72,19019,27.236375555555554,78.0141411111111
1912,0.01,0.1,31.93,44.58,993.72,15001,27.236375555555554,78.01417111111111
1913,0.09,0.02,32.66,27.27,993.72,37928,27.236375555555554,78.0142011111111
1914,0.0,0.05,34.03,27.65,993.72,21780,27.236375555555554,78.0142311111111
1915,0.12,0.06,34.33,32.65,993.72,31871,27.236375555555554,78.01426111111111
1916,0.14,0.03,33.15,37.21,993.72,7161,27.236375555555554,78.0142911111111
1917,0.15,0.1,34.37,36.25,993.72,40001,27.236375555555554,78.0143211111111
1918,0.01,0.06,32.0,31.08,993.72,18058,27.236375555555554,78.01435111111111
1919,0.05,0.03,32.35,41.43,993.72,19321,27.236375555555554,78.0143811111111
1920,0.13,0.02,32.32,42.04,993.72,17171,27.236395555555553,78.0141111111111
1921,0.11,0.05,32.84,29.18,993.72,35694,27.236395555555553,78.0141411111111
1922,0.19,0.0,33.32,43.87,993.72,42970,27.236395555555553,78.01417111111111
1923,0.18,0.04,32.27,27.26,993.72,21915,27.236395555555553,78.0142011111111
1924,0.18,0.01,33.97,40.31,993.72,8778,27.236395555555553,78.0142311111111
1925,0.07,0.03,34.06,37.22,993.72,34414,27.236395555555553,78.01426111111111
1926,0.16,0.01,32.08,29.32,993.72,42127,27.236395555555553,78.0142911111111
1927,0.01,0.07,31.84,43.06,993.72,29294,27.236395555555553,78.0143211111111
1928,0.19,0.07,34.06,40.91,993.72,22067,27.236395555555553,78.01435111111111
1929,0.01,0.05,34.48,28.91,993.72,15597,27.236395555555553,78.0143811111111
1930,0.11,0.06,31.78,30.66,993.72,14449,27.236415555555553,78.0141111111111
1931,0.11,0.1,32.63,37.69,993.72,11154,27.236415555555553,78.0141411111111
1932,0.19,0.09,32.72,33.63,993.72,29041,27.236415555555553,78.01417111111111
1933,0.1,0.0,31.85,36.15,993.72,8008,27.236415555555553,78.0142011111111
1934,0.1,0.04,34.12,40.97,993.72,16686,27.236415555555553,78.0142311111111
1935,0.02,0.04,32.58,29.28,993.72,24674,27.236415555555553,78.01426111111111
1936,0.13,0.08,32.66,40.3,993.72,14449,27.236415555555553,78.0142911111111
1937,0.05,0.01,34.07,35.02,993.72,10075,27.236415555555553,78.0143211111111
1938,0.2,0.09,31.9,27.79,993.72,13306,27.236415555555553,78.01435111111111
1939,0.07,0.04,34.33,32.27,993.72,13301,27.236415555555553,78.0143811111111
1940,0.05,0.05,33.46,33.04,993.72,32385,27.236435555555552,78.0141111111111
1941,0.06,0.04,33.79,30.0,993.72,18679,27.236435555555552,78.0141411111111
1942,0.09,0.08,34.22,27.57,993.72,6077,27.236435555555552,78.01417111111111
1943,0.02,0.09,34.06,42.97,993.72,30969,27.236435555555552,78.0142011111111
1944,0.08,0.1,32.56,44.28,993.72,35804,27.236435555555552,78.0142311111111
1945,0.17,0.08,33.11,44.67,993.72,19822,27.236435555555552,78.01426111111111
1946,0.05,0.02,31.94,44.5,993.72,14823,27.236435555555552,78.0142911111111
1947,0.08,0.05,34.15,42.55,993.72,9720,27.236435555555552,78.0143211111111
1948,0.2,0.1,31.68,31.46,993.72,34706,27.236435555555552,78.01435111111111
1949,0.15,0.09,31.55,35.11,993.72,33043,27.236435555555552,78.0143811111111
1950,0.03,0.01,33.18,40.76,993.72,37411,27.236455555555555,78.0141111111111
1951,0.14,0.07,33.08,40.43,993.72,7280,27.236455555555555,78.0141411111111
1952,0.14,0.03,32.36,34.75,993.72,20423,27.236455555555555,78.01417111111111
1953,0.1,0.06,33.2,35.38,993.72,26780,27.236455555555555,78.0142011111111
1954,0.02,0.07,32.08,40.24,993.72,28326,27.236455555555555,78.0142311111111
1955,0.03,0.04,32.68,28.79,993.72,7551,27.236455555555555,78.01426111111111
1956,0.05,0.03,34.36,43.89,993.72,26581,27.236455555555555,78.0142911111111
1957,0.1,0.01,32.54,33.35,993.72,33544,27.236455555555555,78.0143211111111
1958,0.14,0.07,34.36,42.18,993.72,25299,27.236455555555555,78.01435111111111
1959,0.05,0.07,32.5,33.57,993.72,19722,27.236455555555555,78.0143811111111
1960,0.19,0.02,34.49,27.6,993.72,25794,27.236475555555554,78.0141111111111
1961,0.13,0.03,32.22,28.8,993.72,27538,27.236475555555554,78.0141411111111
1962,0.14,0.02,31.61,40.41,993.72,6201,27.236475555555554,78.01417111111111
1963,0.12,0.09,33.96,33.37,993.72,30058,27.236475555555554,78.0142011111111
1964,0.17,0.08,32.65,36.48,993.72,35246,27.236475555555554,78.0142311111111
1965,0.17,0.02,33.66,35.38,993.72,40277,27.236475555555554,78.01426111111111
1966,0.08,0.05,32.49,35.86,993.72,27994,27.236475555555554,78.0142911111111
1967,0.14,0.09,31.99,37.22,993.72,26103,27.236475555555554,78.0143211111111
1968,0.02,0.08,33.17,28.59,993.72,7319,27.236475555555554,78.01435111111111
1969,0.18,0.07,33.56,39.15,993.72,36453,27.236475555555554,78.0143811111111
1970,0.09,0.1,32.25,37.6,993.72,36565,27.236495555555553,78.0141111111111
1971,0.04,0.1,33.85,28.14,993.72,11183,27.236495555555553,78.0141411111111
1972,0.18,0.05,32.79,38.16,993.72,12543,27.236495555555553,78.01417111111111
1973,0.2,0.06,31.61,35.03,993.72,35046,27.236495555555553,78.0142011111111
1974,0.02,0.06,31.59,31.29,993.72,42667,27.236495555555553,78.0142311111111
1975,0.0,0.08,33.14,41.22,993.72,10345,27.236495555555553,78.01426111111111
1976,0.07,0.09,34.14,39.18,993.72,15248,27.236495555555553,78.0142911111111
1977,0.03,0.07,31.86,44.61,993.72,7798,27.236495555555553,78.0143211111111
1978,0.06,0.02,34.01,37.1,993.72,14382,27.236495555555553,78.01435111111111
1979,0.11,0.0,33.34,35.09,993.72,29303,27.236495555555553,78.0143811111111
1980,0.14,0.06,34.48,33.04,993.72,13629,27.236515555555552,78.0141111111111
1981,0.01,0.06,32.9,36.94,993.72,8030,27.236515555555552,78.0141411111111
1982,0.06,0.07,34.17,35.95,993.72,12365,27.236515555555552,78.01417111111111
1983,0.14,0.02,31.78,28.51,993.72,33476,27.236515555555552,78.0142011111111
1984,0.05,0.02,31.59,27.76,993.72,37488,27.236515555555552,78.0142311111111
1985,0.09,0.06,31.82,44.46,993.72,35653,27.236515555555552,78.01426111111111
1986,0.17,0.03,31.91,39.01,993.72,6370,27.236515555555552,78.0142911111111
1987,0.18,0.08,33.36,27.27,993.72,39035,27.236515555555552,78.0143211111111
1988,0.17,0.01,32.9,30.23,993.72,31285,27.236515555555552,78.01435111111111
1989,0.07,0.07,32.23,34.39,993.72,18087,27.236515555555552,78.0143811111111
1990,0.01,0.05,33.74,28.94,993.72,32208,27.23653555555555,78.0141111111111
1991,0.01,0.06,34.19,27.4,993.72,23785,27.23653555555555,78.0141411111111
1992,0.15,0.03,32.52,39.01,993.72,21375,27.23653555555555,78.01417111111111
1993,0.16,0.01,32.67,36.62,993.72,29615,27.23653555555555,78.0142011111111
1994,0.1,0.08,33.14,27.1,993.72,15445,27.23653555555555,78.0142311111111
1995,0.01,0.02,34.42,35.3,993.72,21363,27.23653555555555,78.01426111111111
1996,0.08,0.05,32.27,27.54,993.72,23425,27.23653555555555,78.0142911111111
1997,0.13,0.01,32.32,43.99,993.72,25757,27.23653555555555,78.0143211111111
1998,0.19,0.01,33.74,38.45,993.72,15171,27.23653555555555,78.01435111111111
1999,0.06,0.06,31.64,38.22,993.72,7443,27.23653555555555,78.0143811111111
